powerplant,generator,fuel,startup,shutdown,model,costs
ABIQUIU_DAM,HT,WATER,0.0,0.0,1,"0,0"
ACE_COGENERATION_FACILITY,,,0.0,0.0,1,"0,0"
ADAMS_E,PV,SUN,0.0,0.0,1,"0,0"
ADAMS_NIELSON_SOLAR,PV,SUN,0.0,0.0,1,"0,0"
ADAMS_SOLAR_CENTER,PV,SUN,0.0,0.0,1,"0,0"
ADELANTO_I,PV,SUN,0.0,0.0,1,"0,0"
ADELANTO_SOLAR_PROJECT,PV,SUN,0.0,0.0,1,"0,0"
ADERA,PV,SUN,0.0,0.0,1,"0,0"
ADOBE,PV,SUN,0.0,0.0,1,"0,0"
AES_ALAMITOS_LLC,CT|ST,NG|NG,0.0,0.0,1,"0,0"
AES_HUNTINGTON_BEACH_LLC,CT|ST,NG|NG,0.0,0.0,1,"0,0"
AES_REDONDO_BEACH_LLC,ST,NG,0.0,0.0,1,"0,0"
AFTON_GENERATING_STATION,CC,NG,0.0,0.0,1,"0,0"
AGNEWS_POWER_PLANT,CC,NG,0.0,0.0,1,"0,0"
AGUA_CALIENTE_SOLAR_PROJECT,PV,SUN,0.0,0.0,1,"0,0"
AGUA_FRIA,ST|CT|PV,NG|NG|SUN,0.0,0.0,1,"0,0"
AGUA_MANSA_POWER_PLANT,CT,NG,0.0,0.0,1,"0,0"
AIDLIN_GEOTHERMAL_POWER_PLANT,ST,GEO,0.0,0.0,1,"0,0"
AIRPORT_INDUSTRIAL,ST,OIL,0.0,0.0,1,"0,0"
AIRPORT_SOLAR,PV,SUN,0.0,0.0,1,"0,0"
ALAMEDA,CT,NG,0.0,0.0,1,"0,0"
ALAMO,HT,WATER,0.0,0.0,1,"0,0"
ALAMOSA,CT,NG,0.0,0.0,1,"0,0"
ALAMO_SOLAR,PV,SUN,0.0,0.0,1,"0,0"
ALBENI_FALLS,HT,WATER,0.0,0.0,1,"0,0"
ALCOVA,HT,WATER,0.0,0.0,1,"0,0"
ALDER,HT,WATER,0.0,0.0,1,"0,0"
ALGONQUIN_POWER_SANGER_LLC,CC,NG,0.0,0.0,1,"0,0"
ALGONQUIN_SKIC20_SOLAR_LLC,PV,SUN,0.0,0.0,1,"0,0"
ALGONQUIN_SKIC_10_SOLAR_LLC,PV,SUN,0.0,0.0,1,"0,0"
ALMOND_POWER_PLANT,CT,NG,0.0,0.0,1,"0,0"
ALPAUGH_50,PV,SUN,0.0,0.0,1,"0,0"
ALPAUGH_NORTH,PV,SUN,0.0,0.0,1,"0,0"
ALPINE_SOLAR,PV,SUN,0.0,0.0,1,"0,0"
ALTAMONT_PASS_WINDPLANT,,,0.0,0.0,1,"0,0"
ALTA_WIND_ENERGY_CENTER_I,WT,WIND,0.0,0.0,1,"0,0"
ALTA_WIND_ENERGY_CENTER_II,WT,WIND,0.0,0.0,1,"0,0"
ALTA_WIND_ENERGY_CENTER_III,WT,WIND,0.0,0.0,1,"0,0"
ALTA_WIND_ENERGY_CENTER_IV,WT,WIND,0.0,0.0,1,"0,0"
ALTA_WIND_ENERGY_CENTER_V,WT,WIND,0.0,0.0,1,"0,0"
ALTA_WIND_VIII,WT,WIND,0.0,0.0,1,"0,0"
ALTA_WIND_X,WT,WIND,0.0,0.0,1,"0,0"
ALTA_WIND_XI,WT,WIND,0.0,0.0,1,"0,0"
AMALGAMATED_SUGAR_TWIN_FALLS,ST|ST,COAL|NG,0.0,0.0,1,"0,0"
AMERESCO_OX_MOUNTAIN,CT,WASTE,0.0,0.0,1,"0,0"
AMERICAN_FALLS,HT,WATER,0.0,0.0,1,"0,0"
AMERICAN_FALLS_SOLAR,PV,SUN,0.0,0.0,1,"0,0"
AMERICAN_FALLS_SOLAR_II,PV,SUN,0.0,0.0,1,"0,0"
AMPERSAND_CHOWCHILLA_BIOMASS_LLC,ST,WOOD,0.0,0.0,1,"0,0"
ANDERSON_RANCH,HT,WATER,0.0,0.0,1,"0,0"
ANTELOPE_BIG_SKY_RANCH,PV,SUN,0.0,0.0,1,"0,0"
ANTELOPE_DSR_1,PV,SUN,0.0,0.0,1,"0,0"
ANTELOPE_VALLEY_I,PV,SUN,0.0,0.0,1,"0,0"
APACHE_SOLAR_1,PV,SUN,0.0,0.0,1,"0,0"
APACHE_STATION,CT|ST|ST,NG|NG|COAL,0.0,0.0,1,"0,0"
APPLE_CAMPUS_2_PV,PV,SUN,0.0,0.0,1,"0,0"
AP_NORTH_LAKE_I,PV,SUN,0.0,0.0,1,"0,0"
ARAGONNE_WIND_LLC,WT,WIND,0.0,0.0,1,"0,0"
ARAPAHOE_COMBUSTION_TURBINE_PROJECT,CC,NG,0.0,0.0,1,"0,0"
ARGUS_COGEN_PLANT,ST,COAL,0.0,0.0,1,"0,0"
ARKANSAS,PV,SUN,0.0,0.0,1,"0,0"
ARLINGTON_VALLEY_ENERGY_FACILITY,CC,NG,0.0,0.0,1,"0,0"
ARLINGTON_VALLEY_SOLAR_ENERGY_II,PV,SUN,0.0,0.0,1,"0,0"
ARLINGTON_WIND_POWER_PROJECT,WT,WIND,0.0,0.0,1,"0,0"
ARROWROCK_HYDROELECTRIC_PROJECT,HT,WATER,0.0,0.0,1,"0,0"
ARVADA,CT,NG,0.0,0.0,1,"0,0"
ASTORIA_1,PV,SUN,0.0,0.0,1,"0,0"
ASTORIA_2,PV,SUN,0.0,0.0,1,"0,0"
ATWELL_ISLAND,PV,SUN,0.0,0.0,1,"0,0"
ATWELL_ISLAND_SOLAR,PV,SUN,0.0,0.0,1,"0,0"
ATWELL_ISLAND_WEST_SOLAR,PV,SUN,0.0,0.0,1,"0,0"
AVALON_SOLAR,PV,SUN,0.0,0.0,1,"0,0"
AVALON_SOLAR_II,PV,SUN,0.0,0.0,1,"0,0"
AVRA_VALLEY_SOLAR,PV,SUN,0.0,0.0,1,"0,0"
AV_SOLAR_RANCH_ONE,PV,SUN,0.0,0.0,1,"0,0"
A_G_WISHON,HT,WATER,0.0,0.0,1,"0,0"
BADGER_1,PV,SUN,0.0,0.0,1,"0,0"
BADGER_CREEK_LIMITED,CT,NG,0.0,0.0,1,"0,0"
BAGDAD_SOLAR_PROJECT,PV,SUN,0.0,0.0,1,"0,0"
BALCH_1,HT,WATER,0.0,0.0,1,"0,0"
BALCH_2,HT,WATER,0.0,0.0,1,"0,0"
BARBER_CREEK,CT,NG,0.0,0.0,1,"0,0"
BARREN_RIDGE_1,PV,SUN,0.0,0.0,1,"0,0"
BARRE_PEAKER,CT,NG,0.0,0.0,1,"0,0"
BASIN_CREEK_PLANT,IC,NG,0.0,0.0,1,"0,0"
BAYSHORE_SOLAR_A_LLC,PV,SUN,0.0,0.0,1,"0,0"
BAYSHORE_SOLAR_B_LLC,PV,SUN,0.0,0.0,1,"0,0"
BAYSHORE_SOLAR_C_LLC,PV,SUN,0.0,0.0,1,"0,0"
BEARDSLEY,HT,WATER,0.0,0.0,1,"0,0"
BEAR_CREEK_SOLAR_CENTER,PV,SUN,0.0,0.0,1,"0,0"
BEAR_MOUNTAIN_COGEN,CT,NG,0.0,0.0,1,"0,0"
BEAVER,CC|CT,NG|NG,0.0,0.0,1,"0,0"
BELDEN,HT,WATER,0.0,0.0,1,"0,0"
BENNETT_CREEK_WINDFARM_LLC,WT,WIND,0.0,0.0,1,"0,0"
BENNETT_MOUNTAIN,CT,NG,0.0,0.0,1,"0,0"
BENSON_CREEK_WINDFARM_BURNT_RIVER,WT,WIND,0.0,0.0,1,"0,0"
BERRY_COGEN,CT,NG,0.0,0.0,1,"0,0"
BERRY_COGEN_TANNE_HILLS_18,CT,NG,0.0,0.0,1,"0,0"
BERRY_PLACERITA_COGEN,CT,NG,0.0,0.0,1,"0,0"
BIGLOW_CANYON_WIND_FARM,WT,WIND,0.0,0.0,1,"0,0"
BIG_CLIFF,HT,WATER,0.0,0.0,1,"0,0"
BIG_CREEK_1,HT,WATER,0.0,0.0,1,"0,0"
BIG_CREEK_3,HT,WATER,0.0,0.0,1,"0,0"
BIG_CREEK_4,HT,WATER,0.0,0.0,1,"0,0"
BIG_HORN_WIND_II,WT,WIND,0.0,0.0,1,"0,0"
BIG_HORN_WIND_PROJECT,WT,WIND,0.0,0.0,1,"0,0"
BIG_TIMBER_WIND_FARM,WT,WIND,0.0,0.0,1,"0,0"
BIOMASS_ONE_LP,ST,WOOD,0.0,0.0,1,"0,0"
BISON_SOLAR_LLC,PV,SUN,0.0,0.0,1,"0,0"
BLACKWELL,PV,SUN,0.0,0.0,1,"0,0"
BLACK_CANYON,HT,WATER,0.0,0.0,1,"0,0"
BLACK_EAGLE,HT,WATER,0.0,0.0,1,"0,0"
BLACK_MOUNTAIN_GENERATING_STATION,CT,NG,0.0,0.0,1,"0,0"
BLISS,HT,WATER,0.0,0.0,1,"0,0"
BLOOMINGTON_POWER_PLANT,ST,OIL,0.0,0.0,1,"0,0"
BLUE_MESA,HT,WATER,0.0,0.0,1,"0,0"
BLUE_SKY_RANCH_B,PV,SUN,0.0,0.0,1,"0,0"
BLUE_SPRUCE_ENERGY_CENTER,CT,NG,0.0,0.0,1,"0,0"
BLUFFVIEW,CC,NG,0.0,0.0,1,"0,0"
BLUNDELL,ST,GEO,0.0,0.0,1,"0,0"
BLYTHE_ENERGY_INC,CC,NG,0.0,0.0,1,"0,0"
BLYTHE_SOLAR_II_LLC,PV,SUN,0.0,0.0,1,"0,0"
BLYTHE_SOLAR_POWER_PROJECT,,,0.0,0.0,1,"0,0"
BONANZA,ST,COAL,0.0,0.0,1,"0,0"
BONNEVILLE,HT,WATER,0.0,0.0,1,"0,0"
BONNYBROOKE_PV,PV,SUN,0.0,0.0,1,"0,0"
BOULDER_PARK,IC,NG,0.0,0.0,1,"0,0"
BOUNDARY,HT,WATER,0.0,0.0,1,"0,0"
BOUNTIFUL_CITY,CT|IC|ST,NG|NG|OIL,0.0,0.0,1,"0,0"
BOWERMAN_POWER_LFG_LLC,CT,WASTE,0.0,0.0,1,"0,0"
BOWIE_POWER_STATION_LLC,,,0.0,0.0,1,"0,0"
BOX_CANYON,HT,WATER,0.0,0.0,1,"0,0"
BOYSEN,HT,WATER,0.0,0.0,1,"0,0"
BREA_EXPANSION_PLANT,CT,WASTE,0.0,0.0,1,"0,0"
BROOKFIELD_TEHACHAPI_1,WT,WIND,0.0,0.0,1,"0,0"
BROWNLEE,HT,WATER,0.0,0.0,1,"0,0"
BRUSH_GENERATION_FACILITY,CC|CT,NG|NG,0.0,0.0,1,"0,0"
BUCKS_CREEK,HT,WATER,0.0,0.0,1,"0,0"
BUENA_VISTA_ENERGY_LLC,WT,WIND,0.0,0.0,1,"0,0"
BUFFALO_BILL,HT,WATER,0.0,0.0,1,"0,0"
BURFORD_GIFFEN,,,0.0,0.0,1,"0,0"
BURLEY_BUTTE_WINDPARK,WT,WIND,0.0,0.0,1,"0,0"
BURNEY_FOREST_PRODUCTS,ST,WOOD,0.0,0.0,1,"0,0"
BUSCH_RANCH_II_WIND_FARM,WT,WIND,0.0,0.0,1,"0,0"
BUSCH_RANCH_WIND_ENERGY_FARM,WT,WIND,0.0,0.0,1,"0,0"
BUTT_VALLEY,HT,WATER,0.0,0.0,1,"0,0"
BYU_CENTRAL_HEATING_PLANT,CT,NG,0.0,0.0,1,"0,0"
CABAZON_WIND_FARM,WT,WIND,0.0,0.0,1,"0,0"
CABAZON_WIND_PARTNERS,WT,WIND,0.0,0.0,1,"0,0"
CABINET_GORGE,HT,WATER,0.0,0.0,1,"0,0"
CABIN_CREEK,HT,ELEC,0.0,0.0,1,"0,0"
CALABASAS_GAS_TO_ENERGY_FACILITY,CT,WASTE,0.0,0.0,1,"0,0"
CALIFORNIA_INSTITUTE_OF_TECHNOLOGY,CC,NG,0.0,0.0,1,"0,0"
CALIFORNIA_VALLEY_SOLAR_RANCH,PV,SUN,0.0,0.0,1,"0,0"
CALIPATRIA_SOLAR_FARM,PV,SUN,0.0,0.0,1,"0,0"
CALISTOGA_POWER_PLANT,ST,GEO,0.0,0.0,1,"0,0"
CALPEAK_POWER_BORDER_PEAKER_PLANT,CT,NG,0.0,0.0,1,"0,0"
CALPEAK_POWER_ENTERPRISE_PEAKER_PLANT,CT,NG,0.0,0.0,1,"0,0"
CALPEAK_POWER_PANOCHE_PEAKER_PLANT,CT,NG,0.0,0.0,1,"0,0"
CALPEAK_POWER_VACA_DIXON_PEAKER_PLANT,CT,NG,0.0,0.0,1,"0,0"
CAMANCHE,HT,WATER,0.0,0.0,1,"0,0"
CAMERON_RIDGE_LLC,WT,WIND,0.0,0.0,1,"0,0"
CAMINO,HT,WATER,0.0,0.0,1,"0,0"
CAMPBELL_HILL_WINDPOWER,WT,WIND,0.0,0.0,1,"0,0"
CAMPO_VERDE_SOLAR,PV,SUN,0.0,0.0,1,"0,0"
CAMP_REED,WT,WIND,0.0,0.0,1,"0,0"
CANTUA,,,0.0,0.0,1,"0,0"
CANTUA_SOLAR_STATION,PV,SUN,0.0,0.0,1,"0,0"
CANYON_FERRY,HT,WATER,0.0,0.0,1,"0,0"
CANYON_POWER_PLANT,CT,NG,0.0,0.0,1,"0,0"
CAPROCK_WIND_FARM,WT,WIND,0.0,0.0,1,"0,0"
CARDINAL_COGEN,,,0.0,0.0,1,"0,0"
CARIBOU_1,HT,WATER,0.0,0.0,1,"0,0"
CARIBOU_2,HT,WATER,0.0,0.0,1,"0,0"
CARMEN_SMITH,HT,WATER,0.0,0.0,1,"0,0"
CAROUSEL_WIND_FARM_LLC,,,0.0,0.0,1,"0,0"
CARSON_COGENERATION,CC,NG,0.0,0.0,1,"0,0"
CARSON_ICE-GEN_PROJECT,CC|CT,NG|NG,0.0,0.0,1,"0,0"
CARTY_GENERATING_STATION,CC,NG,0.0,0.0,1,"0,0"
CASCADE,HT,WATER,0.0,0.0,1,"0,0"
CASCADE_SOLAR,PV,SUN,0.0,0.0,1,"0,0"
CASCADE_SOLAR_PARK,,,0.0,0.0,1,"0,0"
CASPER_WIND_FARM,WT,WIND,0.0,0.0,1,"0,0"
CASSIA_GULCH_WIND_PARK_LLC,WT,WIND,0.0,0.0,1,"0,0"
CASSIA_WIND_FARM_LLC,WT,WIND,0.0,0.0,1,"0,0"
CASTAIC,HT|HT,WATER|ELEC,0.0,0.0,1,"0,0"
CATALINA_1_2,PV,SUN,0.0,0.0,1,"0,0"
CATALINA_SOLAR_2_LLC,PV,SUN,0.0,0.0,1,"0,0"
CATALINA_SOLAR_LLC,PV,SUN,0.0,0.0,1,"0,0"
CA_FLATS_SOLAR_130_LLC,PV,SUN,0.0,0.0,1,"0,0"
CA_VALLEY,PV,SUN,0.0,0.0,1,"0,0"
CEDAR_CREEK_II,WT,WIND,0.0,0.0,1,"0,0"
CEDAR_CREEK_WIND,WT,WIND,0.0,0.0,1,"0,0"
CEDAR_FALLS,HT,WATER,0.0,0.0,1,"0,0"
CEDAR_POINT_WIND,WT,WIND,0.0,0.0,1,"0,0"
CED_CORCORAN_2,PV,SUN,0.0,0.0,1,"0,0"
CED_WHITE_RIVER,PV,SUN,0.0,0.0,1,"0,0"
CENTER_PEAKER,ES|CT,ELEC|NG,0.0,0.0,1,"0,0"
CENTINELA_SOLAR_ENERGY,PV,SUN,0.0,0.0,1,"0,0"
CENTRAL_ANTELOPE_C,PV,SUN,0.0,0.0,1,"0,0"
CENTURY_GENERATING_FACILITY,CT,NG,0.0,0.0,1,"0,0"
CE_LEATHERS,ST,GEO,0.0,0.0,1,"0,0"
CE_TURBO_LLC,ST,GEO,0.0,0.0,1,"0,0"
CHALK_CLIFF_COGEN,CT,NG,0.0,0.0,1,"0,0"
CHANDLER,HT,WATER,0.0,0.0,1,"0,0"
CHEHALIS_GENERATING_FACILITY,CC,NG,0.0,0.0,1,"0,0"
CHELAN,HT,WATER,0.0,0.0,1,"0,0"
CHEROKEE,ST|CC|ST,COAL|NG|NG,0.0,0.0,1,"0,0"
CHEYENNE_PRAIRIE_GENERATING_STATION,CC|CT,NG|NG,0.0,0.0,1,"0,0"
CHICAGO_PARK,HT,WATER,0.0,0.0,1,"0,0"
CHIEF_JOSEPH,HT,WATER,0.0,0.0,1,"0,0"
CHILDRENS_HOSPITAL,CT|IC|ST,NG|NG|OIL,0.0,0.0,1,"0,0"
CHINO_SOLAR_VALLEY,PV,SUN,0.0,0.0,1,"0,0"
CHOLLA,ST,COAL,0.0,0.0,1,"0,0"
CHOPIN_WIND_LLC,WT,WIND,0.0,0.0,1,"0,0"
CHOWCHILLA_II,IC,NG,0.0,0.0,1,"0,0"
CHULA_VISTA_I,CT,NG,0.0,0.0,1,"0,0"
CIMARRON_SOLAR_FACILITY,PV,SUN,0.0,0.0,1,"0,0"
CITY_OF_CORCORAN,PV,SUN,0.0,0.0,1,"0,0"
CITY_OF_CORCORAN_SOLAR,PV,SUN,0.0,0.0,1,"0,0"
CIVIC_CENTER,CC,NG,0.0,0.0,1,"0,0"
CLEARWATER_1,HT,WATER,0.0,0.0,1,"0,0"
CLEARWATER_2,HT,WATER,0.0,0.0,1,"0,0"
CLEARWATER_PAPER_IPP_LEWISTON,ST,WOOD,0.0,0.0,1,"0,0"
CLEARWATER_POWER_PLANT,CC,NG,0.0,0.0,1,"0,0"
CLEAR_SPRING_RANCH_PV_PROJECT,,,0.0,0.0,1,"0,0"
COACHELLA,CT,NG,0.0,0.0,1,"0,0"
COALINGA_25D_COGEN,CT,NG,0.0,0.0,1,"0,0"
COCHRANE,HT,WATER,0.0,0.0,1,"0,0"
COGENTRIX_OF_ALAMOSA,PV,SUN,0.0,0.0,1,"0,0"
COLD_SPRINGS_WINDFARM,WT,WIND,0.0,0.0,1,"0,0"
COLEMAN_PH,HT,WATER,0.0,0.0,1,"0,0"
COLGATE,HT,WATER,0.0,0.0,1,"0,0"
COLLIERVILLE_POWERHOUSE,HT,WATER,0.0,0.0,1,"0,0"
COLORADO_ENERGY_NATIONS_COMPANY,ST,NG,0.0,0.0,1,"0,0"
COLORADO_GREEN_HOLDINGS_LLC,WT,WIND,0.0,0.0,1,"0,0"
COLORADO_HIGHLANDS_WIND,WT,WIND,0.0,0.0,1,"0,0"
COLSTRIP,ST,COAL,0.0,0.0,1,"0,0"
COLSTRIP_ENERGY_LP,ST,COAL,0.0,0.0,1,"0,0"
COLTON_PLANT,,,0.0,0.0,1,"0,0"
COLUMBIA_1,PV,SUN,0.0,0.0,1,"0,0"
COLUMBIA_3,PV,SUN,0.0,0.0,1,"0,0"
COLUMBIA_GENERATING_STATION,ST,NUC,0.0,0.0,1,"0,0"
COLUSA_GENERATING_STATION,CC,NG,0.0,0.0,1,"0,0"
COMANCHE,ST,COAL,0.0,0.0,1,"0,0"
COMANCHE_SOLAR,PV,SUN,0.0,0.0,1,"0,0"
COMBINE_HILLS_I,WT,WIND,0.0,0.0,1,"0,0"
COMBUSTION_TURBINE_PROJECT_NO_2,CT,NG,0.0,0.0,1,"0,0"
CONDON_WINDPOWER_LLC,WT,WIND,0.0,0.0,1,"0,0"
CONSUMER_PRODUCTS_CAMAS_LLC,,,0.0,0.0,1,"0,0"
CONTROL_GORGE,HT,WATER,0.0,0.0,1,"0,0"
COOLIDGE_GENERATION_STATION,CT,NG,0.0,0.0,1,"0,0"
COPCO_1,HT,ELEC,0.0,0.0,1,"0,0"
COPCO_2,HT,ELEC,0.0,0.0,1,"0,0"
COPPER_CROSSING_SOLAR_LLC,PV,SUN,0.0,0.0,1,"0,0"
CORCORAN,PV,SUN,0.0,0.0,1,"0,0"
CORCORAN_3,,,0.0,0.0,1,"0,0"
CORCORAN_IRRIGATION,PV,SUN,0.0,0.0,1,"0,0"
CORCORAN_IRRIGATION_DISTRICT_SOLAR,PV,SUN,0.0,0.0,1,"0,0"
CORCORAN_SOLAR,PV,SUN,0.0,0.0,1,"0,0"
CORCORAN_SOLAR_2,PV,SUN,0.0,0.0,1,"0,0"
CORCORAN_SOLAR_3,PV,SUN,0.0,0.0,1,"0,0"
CORONADO,ST,COAL,0.0,0.0,1,"0,0"
CORONAL_LOST_HILLS,PV,SUN,0.0,0.0,1,"0,0"
COSO_ENERGY_DEVELOPERS,ST,GEO,0.0,0.0,1,"0,0"
COSO_FINANCE_PARTNERS,ST,GEO,0.0,0.0,1,"0,0"
COSO_POWER_DEVELOPERS,ST,GEO,0.0,0.0,1,"0,0"
COSUMNES,CC,NG,0.0,0.0,1,"0,0"
COTTON_CENTER_SOLAR,PV,SUN,0.0,0.0,1,"0,0"
COUGAR,HT,WATER,0.0,0.0,1,"0,0"
COVANTA_MARION_INC,CT,WASTE,0.0,0.0,1,"0,0"
COVANTA_STANISLAUS_ENERGY,CT,WASTE,0.0,0.0,1,"0,0"
COWLITZ_FALLS,HT,WATER,0.0,0.0,1,"0,0"
COYOTE_SPRINGS,CC,NG,0.0,0.0,1,"0,0"
COYOTE_SPRINGS_II,CC,NG,0.0,0.0,1,"0,0"
CPV_SENTINEL_ENERGY_PROJECT,CT,NG,0.0,0.0,1,"0,0"
CPV_VACA_STATION_LLC,,,0.0,0.0,1,"0,0"
CRAIG,ST,COAL,0.0,0.0,1,"0,0"
CREED_ENERGY_CENTER,CT,NG,0.0,0.0,1,"0,0"
CRESTA,HT,WATER,0.0,0.0,1,"0,0"
CROCKETT_COGEN_PROJECT,CC,NG,0.0,0.0,1,"0,0"
CRYSTAL,HT,WATER,0.0,0.0,1,"0,0"
CULBERTSON_GENERATION_STATION,CT,NG,0.0,0.0,1,"0,0"
CUNNINGHAM,CT|ST,NG|NG,0.0,0.0,1,"0,0"
CURRANT_CREEK,CC,NG,0.0,0.0,1,"0,0"
CUSHMAN_1,HT,WATER,0.0,0.0,1,"0,0"
CUSHMAN_2,HT,WATER,0.0,0.0,1,"0,0"
CUTLER,HT,WATER,0.0,0.0,1,"0,0"
CUYAMACA_PEAK_ENERGY_PLANT,CT,NG,0.0,0.0,1,"0,0"
CUYAMA_SOLAR_LLC,PV,SUN,0.0,0.0,1,"0,0"
CYMRIC_36W_COGEN,CT,NG,0.0,0.0,1,"0,0"
C_J_STRIKE,HT,WATER,0.0,0.0,1,"0,0"
C_P_KELCO_SAN_DIEGO_PLANT,CT,NG,0.0,0.0,1,"0,0"
DAVE_GATES_GENERATING_STATION,CT,NG,0.0,0.0,1,"0,0"
DAVE_JOHNSTON,ST,COAL,0.0,0.0,1,"0,0"
DAVIS_DAM,HT,WATER,0.0,0.0,1,"0,0"
DAVIS_MONTHAN_AFB_AZ_WEST_AIRFIELD,PV,SUN,0.0,0.0,1,"0,0"
DELTA_ENERGY_CENTER,CC,NG,0.0,0.0,1,"0,0"
DEL_RANCH_COMPANY,ST,GEO,0.0,0.0,1,"0,0"
DEMOSS_PETRIE,CT,NG,0.0,0.0,1,"0,0"
DESERT_BASIN,CC,NG,0.0,0.0,1,"0,0"
DESERT_MEADOW_WINDFARM,WT,WIND,0.0,0.0,1,"0,0"
DESERT_STATELINE,PV,SUN,0.0,0.0,1,"0,0"
DESERT_SUNLIGHT_250_LLC,PV,SUN,0.0,0.0,1,"0,0"
DESERT_SUNLIGHT_300_LLC,PV,SUN,0.0,0.0,1,"0,0"
DESERT_VIEW_POWER,ST,WOOD,0.0,0.0,1,"0,0"
DETROIT,HT,WATER,0.0,0.0,1,"0,0"
DEVIL_CANYON,HT,WATER,0.0,0.0,1,"0,0"
DEXTER,HT,WATER,0.0,0.0,1,"0,0"
DE_SABLA,HT,WATER,0.0,0.0,1,"0,0"
DIABLO,HT,WATER,0.0,0.0,1,"0,0"
DIABLO_CANYON,ST,NUC,0.0,0.0,1,"0,0"
DIABLO_WIND_LLC,WT,WIND,0.0,0.0,1,"0,0"
DIAMOND_VALLEY_LAKE,HT,WATER,0.0,0.0,1,"0,0"
DIAMOND_WILLOW_WIND_FACILITY,WT,WIND,0.0,0.0,1,"0,0"
DILLARD_COMPLEX,ST,WOOD,0.0,0.0,1,"0,0"
DILLON_WIND_LLC,WT,WIND,0.0,0.0,1,"0,0"
DINOSAUR_POINT,WT,WIND,0.0,0.0,1,"0,0"
DION_R_HOLM,HT,WATER,0.0,0.0,1,"0,0"
DONALD_VON_RAESFELD_POWER_PLANT,CC,NG,0.0,0.0,1,"0,0"
DONNELLS,HT,WATER,0.0,0.0,1,"0,0"
DON_PEDRO,HT,WATER,0.0,0.0,1,"0,0"
DOUBLE_C,CT,NG,0.0,0.0,1,"0,0"
DOUGLAS,ST,OIL,0.0,0.0,1,"0,0"
DREWS_GENERATING_FACILITY,CT,NG,0.0,0.0,1,"0,0"
DROP_2_CA,HT,WATER,0.0,0.0,1,"0,0"
DROP_4,HT,WATER,0.0,0.0,1,"0,0"
DRUM_1,HT,WATER,0.0,0.0,1,"0,0"
DRUM_2,HT,WATER,0.0,0.0,1,"0,0"
DRY_FORK_STATION,ST,COAL,0.0,0.0,1,"0,0"
DRY_LAKE_WIND_II_LLC,WT,WIND,0.0,0.0,1,"0,0"
DRY_LAKE_WIND_LLC,WT,WIND,0.0,0.0,1,"0,0"
DUCOR_1,PV,SUN,0.0,0.0,1,"0,0"
DUCOR_2,PV,SUN,0.0,0.0,1,"0,0"
DUCOR_3,PV,SUN,0.0,0.0,1,"0,0"
DUCOR_4,PV,SUN,0.0,0.0,1,"0,0"
DUNLAP,WT,WIND,0.0,0.0,1,"0,0"
DURBIN_CREEK_WINDFARM_BURNT_CREEK,WT,WIND,0.0,0.0,1,"0,0"
DUTCH_FLAT,HT,WATER,0.0,0.0,1,"0,0"
DUTCH_FLAT_2,HT,WATER,0.0,0.0,1,"0,0"
DWORSHAK,HT,WATER,0.0,0.0,1,"0,0"
DYNEGY_MORRO_BAY_LLC,,,0.0,0.0,1,"0,0"
DYNEGY_MOSS_LANDING_POWER_PLANT,CC|ST,NG|NG,0.0,0.0,1,"0,0"
DYNEGY_OAKLAND_POWER_PLANT,ST,OIL,0.0,0.0,1,"0,0"
EAGLE_VALLEY_CLEAN_ENERGY_LLC_BIOMASS,ST,WOOD,0.0,0.0,1,"0,0"
EDF_RENEWABLE_WINDFARM_V_INC,WT,WIND,0.0,0.0,1,"0,0"
EDOM_HILLS_PROJECT_1_LLC,WT,WIND,0.0,0.0,1,"0,0"
EDWARD_C_HYATT,HT|HT,WATER|ELEC,0.0,0.0,1,"0,0"
EEL_RIVER_POWER,ST,WOOD,0.0,0.0,1,"0,0"
EKOLA_FLATS,WT,WIND,0.0,0.0,1,"0,0"
ELBE_SOLAR_CENTER,PV,SUN,0.0,0.0,1,"0,0"
ELECTRA,HT,WATER,0.0,0.0,1,"0,0"
ELECTRON,HT,WATER,0.0,0.0,1,"0,0"
ELEPHANT_BUTTE,HT,WATER,0.0,0.0,1,"0,0"
ELEVATION_SOLAR_C,PV,SUN,0.0,0.0,1,"0,0"
ELKHORN_VALLEY_WIND_FARM,WT,WIND,0.0,0.0,1,"0,0"
ELK_HILLS_POWER_LLC,CC,NG,0.0,0.0,1,"0,0"
ELLWOOD,CT,NG,0.0,0.0,1,"0,0"
ELMORE_COMPANY,ST,GEO,0.0,0.0,1,"0,0"
EL_CAJON_ENERGY_CENTER,CT,NG,0.0,0.0,1,"0,0"
EL_CENTRO,ES|CC|ST,ELEC|NG|NG,0.0,0.0,1,"0,0"
EL_DORADO,HT,WATER,0.0,0.0,1,"0,0"
EL_NIDO_FACILITY,ST,WOOD,0.0,0.0,1,"0,0"
EL_SEGUNDO_COGEN,CC,NG,0.0,0.0,1,"0,0"
EL_SEGUNDO_ENERGY_CENTER_LLC,CC,NG,0.0,0.0,1,"0,0"
ENCINA,CT|ST,NG|NG,0.0,0.0,1,"0,0"
ENCOGEN,CC,NG,0.0,0.0,1,"0,0"
ENEL_COVE_FORT,ST,GEO,0.0,0.0,1,"0,0"
ENTERPRISE_SOLAR_LLC,PV,SUN,0.0,0.0,1,"0,0"
EQUILON_LOS_ANGELES_REFINING,ST,GAS,0.0,0.0,1,"0,0"
ESCALANTE_SOLAR_III_LLC,PV,SUN,0.0,0.0,1,"0,0"
ESCALANTE_SOLAR_II_LLC,PV,SUN,0.0,0.0,1,"0,0"
ESCALANTE_SOLAR_I_LLC,PV,SUN,0.0,0.0,1,"0,0"
ESCONDIDO_ENERGY_STORAGE,ES,ELEC,0.0,0.0,1,"0,0"
ESCONDIDO_POWER_PLANT,CT,NG,0.0,0.0,1,"0,0"
ESTES,HT,WATER,0.0,0.0,1,"0,0"
ETIWANDA,HT,WATER,0.0,0.0,1,"0,0"
EURUS_COMBINE_HILLS_TURBINE_RANCH_2,WT,WIND,0.0,0.0,1,"0,0"
EVANDER_ANDREWS_POWER_COMPLEX,CT,NG,0.0,0.0,1,"0,0"
EVERGREEN_BIOPOWER_LLC,ST,WOOD,0.0,0.0,1,"0,0"
EXCHEQUER,HT,WATER,0.0,0.0,1,"0,0"
EXXONMOBIL_OIL_TORRANCE_REFINERY,UNKNOWN|CT,OTHER|NG,0.0,0.0,1,"0,0"
E_F_OXNARD_ENERGY_FACILITY,CT,NG,0.0,0.0,1,"0,0"
FAIRFIELD_WIND,WT,WIND,0.0,0.0,1,"0,0"
FARADAY,HT,WATER,0.0,0.0,1,"0,0"
FEATHER_RIVER_ENERGY_CENTER,CT,NG,0.0,0.0,1,"0,0"
FERNDALE_GENERATING_STATION,CC,NG,0.0,0.0,1,"0,0"
FISH_CREEK,HT,WATER,0.0,0.0,1,"0,0"
FIVE_POINTS_1,PV,SUN,0.0,0.0,1,"0,0"
FIVE_POINTS_SOLAR_STATION,,,0.0,0.0,1,"0,0"
FIVE_POINTS_SOLAR_STATION_2,PV,SUN,0.0,0.0,1,"0,0"
FLAMING_GORGE,HT,WATER,0.0,0.0,1,"0,0"
FLATIRON,HT|HT,WATER|ELEC,0.0,0.0,1,"0,0"
FMC_WESTVACO,ST,COAL,0.0,0.0,1,"0,0"
FOLSOM,HT,WATER,0.0,0.0,1,"0,0"
FONTENELLE,HT,WATER,0.0,0.0,1,"0,0"
FOOTE_CREEK_I,WT,WIND,0.0,0.0,1,"0,0"
FOOTHILL,HT,WATER,0.0,0.0,1,"0,0"
FOOTHILLS_SOLAR_PLANT,PV,SUN,0.0,0.0,1,"0,0"
FORBESTOWN,HT,WATER,0.0,0.0,1,"0,0"
FORD_UTILITIES_CENTER,CT|ST,NG|NG,0.0,0.0,1,"0,0"
FORKS_OF_BUTTE_HYDRO_PROJECT,HT,WATER,0.0,0.0,1,"0,0"
FORT_HUACHUCA_SOLAR_PV_PROJECT,PV,SUN,0.0,0.0,1,"0,0"
FORT_LUPTON,CT,NG,0.0,0.0,1,"0,0"
FORT_PECK,HT,WATER,0.0,0.0,1,"0,0"
FORT_ST_VRAIN,CC|CT,NG|NG,0.0,0.0,1,"0,0"
FOSSIL_GULCH,WT,WIND,0.0,0.0,1,"0,0"
FOSTER,HT,WATER,0.0,0.0,1,"0,0"
FOSTER_WHEELER_MARTINEZ,CC,NG,0.0,0.0,1,"0,0"
FOTOWATIO,,,0.0,0.0,1,"0,0"
FOUNTAIN_VALLEY_POWER_FACILITY,CT,NG,0.0,0.0,1,"0,0"
FOUR_CORNERS,ST,COAL,0.0,0.0,1,"0,0"
FOUR_CORNERS_WINDFARM_LLC,WT,WIND,0.0,0.0,1,"0,0"
FOUR_MILE_CANYON_WINDFARM_LLC,WT,WIND,0.0,0.0,1,"0,0"
FPL_ENERGY_MONTEZUMA_WINDS_LLC,WT,WIND,0.0,0.0,1,"0,0"
FPL_ENERGY_VANSYCLE_LLC_OR,WT,WIND,0.0,0.0,1,"0,0"
FPL_ENERGY_VANSYCLE_LLC_WA,WT,WIND,0.0,0.0,1,"0,0"
FRANK_KNUTSON,CT,NG,0.0,0.0,1,"0,0"
FREDERICKSON,CT,NG,0.0,0.0,1,"0,0"
FREDERICKSON_POWER_LP,CC,NG,0.0,0.0,1,"0,0"
FREMONT_CANYON,HT,WATER,0.0,0.0,1,"0,0"
FRENCH_MEADOWS,HT,WATER,0.0,0.0,1,"0,0"
FRESNO_COGEN_PARTNERS,CC|CT,NG|NG,0.0,0.0,1,"0,0"
FRIANT_HYDRO_FACILITY,HT,WATER,0.0,0.0,1,"0,0"
FRONTIER_SOLAR_LLC,PV,SUN,0.0,0.0,1,"0,0"
FRONT_RANGE_POWER_PLANT,CC,NG,0.0,0.0,1,"0,0"
FRUITA,CT,NG,0.0,0.0,1,"0,0"
GADSBY,CT|ST,NG|NG,0.0,0.0,1,"0,0"
GALA_SOLAR,PV,SUN,0.0,0.0,1,"0,0"
GALA_SOLAR_2,PV,SUN,0.0,0.0,1,"0,0"
GARLAND,PV,SUN,0.0,0.0,1,"0,0"
GARRETT_SOLAR,PV,SUN,0.0,0.0,1,"0,0"
GASNA_27P,,,0.0,0.0,1,"0,0"
GATES_SOLAR_STATION,PV,SUN,0.0,0.0,1,"0,0"
GATEWAY_GENERATING_STATION,CC,NG,0.0,0.0,1,"0,0"
GEM_STATE,HT,WATER,0.0,0.0,1,"0,0"
GENERAL_CHEMICAL,ST,COAL,0.0,0.0,1,"0,0"
GENESIS_SOLAR_ENERGY_PROJECT,ST,SUN,0.0,0.0,1,"0,0"
GEORGE_BIRDSALL,ST,NG,0.0,0.0,1,"0,0"
GEORGIA-PACIFIC_TOLEDO_MILL,ST,WOOD,0.0,0.0,1,"0,0"
GEORGIA-PACIFIC_WAUNA_MILL,ST,WOOD,0.0,0.0,1,"0,0"
GEOTHERMAL_1,ST,GEO,0.0,0.0,1,"0,0"
GEOTHERMAL_2,ST,GEO,0.0,0.0,1,"0,0"
GEO_EAST_MESA_III,ST,GEO,0.0,0.0,1,"0,0"
GEYSERS_UNIT_5-20,ST,GEO,0.0,0.0,1,"0,0"
GIANERA,CT,NG,0.0,0.0,1,"0,0"
GIFFEN,PV,SUN,0.0,0.0,1,"0,0"
GIFFEN_SOLAR_PARK,PV,SUN,0.0,0.0,1,"0,0"
GILA_BEND,PV,SUN,0.0,0.0,1,"0,0"
GILA_RIVER_POWER_BLOCK_2,CC,NG,0.0,0.0,1,"0,0"
GILA_RIVER_POWER_BLOCK_3,CC,NG,0.0,0.0,1,"0,0"
GILA_RIVER_POWER_STATION,CC,NG,0.0,0.0,1,"0,0"
GILLESPIE_1,PV,SUN,0.0,0.0,1,"0,0"
GILROY_PEAKING_ENERGY_CENTER,CT,NG,0.0,0.0,1,"0,0"
GILROY_POWER_PLANT,CC,NG,0.0,0.0,1,"0,0"
GLENARM,CC|CT,NG|NG,0.0,0.0,1,"0,0"
GLENDIVE_GT,CT,NG,0.0,0.0,1,"0,0"
GLENDO,HT,WATER,0.0,0.0,1,"0,0"
GLENNS_FERRY_COGEN_FACILITY,,,0.0,0.0,1,"0,0"
GLENROCK,WT,WIND,0.0,0.0,1,"0,0"
GLEN_CANYON_DAM,HT,WATER,0.0,0.0,1,"0,0"
GOAL_LINE_LP,CC,NG,0.0,0.0,1,"0,0"
GOLDENDALE_GENERATING_STATION,CC,NG,0.0,0.0,1,"0,0"
GOLDEN_HILLS_NORTH_WIND_ENERGY_CENTER,WT,WIND,0.0,0.0,1,"0,0"
GOLDEN_HILLS_WIND,WT,WIND,0.0,0.0,1,"0,0"
GOLDEN_VALLEY_WIND_PARK_LLC,WT,WIND,0.0,0.0,1,"0,0"
GOLDEN_WEST_POWER_PARTNERS_LLC,,,0.0,0.0,1,"0,0"
GOODNOE_HILLS,WT,WIND,0.0,0.0,1,"0,0"
GOOSE_HAVEN_ENERGY_CENTER,CT,NG,0.0,0.0,1,"0,0"
GOOSE_LAKE_SOLAR,PV,SUN,0.0,0.0,1,"0,0"
GORDON_BUTTE_WIND_LLC,WT,WIND,0.0,0.0,1,"0,0"
GORGE,HT,WATER,0.0,0.0,1,"0,0"
GOSHEN_PHASE_II,WT,WIND,0.0,0.0,1,"0,0"
GRACE,HT,WATER,0.0,0.0,1,"0,0"
GRAND_COULEE,HT|HT,WATER|ELEC,0.0,0.0,1,"0,0"
GRAND_VIEW_SOLAR_TWO,PV,SUN,0.0,0.0,1,"0,0"
GRANITE_MOUNTAIN_SOLAR_EAST_LLC,PV,SUN,0.0,0.0,1,"0,0"
GRANITE_MOUNTAIN_SOLAR_WEST_LLC,PV,SUN,0.0,0.0,1,"0,0"
GRAPELAND_PEAKER,ES|CT,ELEC|NG,0.0,0.0,1,"0,0"
GRAYSON,CT|CC|CT|ST,WASTE|NG|NG|NG,0.0,0.0,1,"0,0"
GRAYS_HARBOR_ENERGY_FACILITY,CC,NG,0.0,0.0,1,"0,0"
GRAZING_YAK_SOLAR,PV,SUN,0.0,0.0,1,"0,0"
GREATER_SANDHILL_I,PV,SUN,0.0,0.0,1,"0,0"
GREAT_VALLEY_SOLAR_PORTFOLIO_HOLDINGS_LLC,PV,SUN,0.0,0.0,1,"0,0"
GREENFIELD_WIND_-_MT,WT,WIND,0.0,0.0,1,"0,0"
GREEN_MOUNTAIN,HT,WATER,0.0,0.0,1,"0,0"
GREEN_PETER,HT,WATER,0.0,0.0,1,"0,0"
GREEN_POWER_I,WT,WIND,0.0,0.0,1,"0,0"
GREEN_SPRINGS,HT,WATER,0.0,0.0,1,"0,0"
GRIFFITH_ENERGY_LLC,CC,NG,0.0,0.0,1,"0,0"
GRIZZLY,HT,WATER,0.0,0.0,1,"0,0"
GRS_COYOTE_CANYON,CT,WASTE,0.0,0.0,1,"0,0"
GUERNSEY_SOLAR_STATION,PV,SUN,0.0,0.0,1,"0,0"
HAAS,HT,WATER,0.0,0.0,1,"0,0"
HALSEY,HT,WATER,0.0,0.0,1,"0,0"
HAMMETT_HILL_WINDFARM,WT,WIND,0.0,0.0,1,"0,0"
HANFORD_ENERGY_PARK_PEAKER,CT,NG,0.0,0.0,1,"0,0"
HAPPY_JACK_WINDPOWER_PROJECT,WT,WIND,0.0,0.0,1,"0,0"
HARBOR,CC|CT,NG|NG,0.0,0.0,1,"0,0"
HARBOR_COGEN,CC,NG,0.0,0.0,1,"0,0"
HARDIN_GENERATOR_PROJECT,ST,COAL,0.0,0.0,1,"0,0"
HARQUAHALA_GENERATING_PROJECT,CC,NG,0.0,0.0,1,"0,0"
HARTZOG,CT,NG,0.0,0.0,1,"0,0"
HARVEST_WIND_PROJECT,WT,WIND,0.0,0.0,1,"0,0"
HATCHET_RIDGE_WIND_PROJECT,WT,WIND,0.0,0.0,1,"0,0"
HAT_CREEK_1,HT,WATER,0.0,0.0,1,"0,0"
HAT_CREEK_2,HT,WATER,0.0,0.0,1,"0,0"
HAUSER,HT,WATER,0.0,0.0,1,"0,0"
HAYDEN,ST,COAL,0.0,0.0,1,"0,0"
HAYNES,CC|CT|ST,NG|NG|NG,0.0,0.0,1,"0,0"
HAYPRESS,HT,WATER,0.0,0.0,1,"0,0"
HAYWORTH_SOLAR,PV,SUN,0.0,0.0,1,"0,0"
HAYWORTH_SOLAR_2,PV,SUN,0.0,0.0,1,"0,0"
HAY_CANYON_WIND_POWER_LLC,WT,WIND,0.0,0.0,1,"0,0"
HEADGATE_ROCK,HT,WATER,0.0,0.0,1,"0,0"
HEBER_CITY,IC|ST,NG|OIL,0.0,0.0,1,"0,0"
HEBER_GEOTHERMAL,ST,GEO,0.0,0.0,1,"0,0"
HEBER_SOLAR,PV,SUN,0.0,0.0,1,"0,0"
HECATE_ENERGY_BEACON_SOLAR_3,PV,SUN,0.0,0.0,1,"0,0"
HECATE_ENERGY_BEACON_SOLAR_4,PV,SUN,0.0,0.0,1,"0,0"
HELLS_CANYON,HT,WATER,0.0,0.0,1,"0,0"
HELMS_PUMPED_STORAGE,HT,ELEC,0.0,0.0,1,"0,0"
HENRIETTA_PEAKER,CT,NG,0.0,0.0,1,"0,0"
HENRIETTA_SOLAR,PV,SUN,0.0,0.0,1,"0,0"
HENRIETTA_SOLAR_PROJECT,PV,SUN,0.0,0.0,1,"0,0"
HERMISTON_GENERATING_PLANT,CC,NG,0.0,0.0,1,"0,0"
HERMISTON_POWER_PARTNERSHIP,CC,NG,0.0,0.0,1,"0,0"
HIDDEN_HILLS_SOLAR_PLANT_1,,,0.0,0.0,1,"0,0"
HIDDEN_HILLS_SOLAR_PLANT_2,,,0.0,0.0,1,"0,0"
HIGH_DESERT_POWER_PLANT,CC,NG,0.0,0.0,1,"0,0"
HIGH_LONESOME_MESA_LLC,WT,WIND,0.0,0.0,1,"0,0"
HIGH_MESA_ENERGY_LLC,WT,WIND,0.0,0.0,1,"0,0"
HIGH_PLAINS,WT,WIND,0.0,0.0,1,"0,0"
HIGH_SIERRA,CT,NG,0.0,0.0,1,"0,0"
HIGH_WINDS_LLC,WT,WIND,0.0,0.0,1,"0,0"
HILLS_CREEK,HT,WATER,0.0,0.0,1,"0,0"
HL_POWER,ST,WOOD,0.0,0.0,1,"0,0"
HOBBS_GENERATING_STATION,CC|CT,NG|NG,0.0,0.0,1,"0,0"
HOLTER,HT,WATER,0.0,0.0,1,"0,0"
HOOPER_SOLAR,PV,SUN,0.0,0.0,1,"0,0"
HOOVER_DAM_AZ,HT,WATER,0.0,0.0,1,"0,0"
HOPKINS_RIDGE_WIND,WT,WIND,0.0,0.0,1,"0,0"
HORSESHOE_BEND_WIND_LLC,WT,WIND,0.0,0.0,1,"0,0"
HORSE_BUTTE_WIND_I_LLC,WT,WIND,0.0,0.0,1,"0,0"
HORSE_MESA,HT|HT,WATER|ELEC,0.0,0.0,1,"0,0"
HOT_SPRINGS_WINDFARM_LLC,WT,WIND,0.0,0.0,1,"0,0"
HOUWELING_NURSERIES,IC,NG,0.0,0.0,1,"0,0"
HUMBOLDT_BAY,IC|ST,NG|NG,0.0,0.0,1,"0,0"
HUNGRY_HORSE,HT,WATER,0.0,0.0,1,"0,0"
HUNTER,ST,COAL,0.0,0.0,1,"0,0"
HUNTINGTON,ST,COAL,0.0,0.0,1,"0,0"
HURON,PV,SUN,0.0,0.0,1,"0,0"
HURON_SOLAR_FARM,,,0.0,0.0,1,"0,0"
HURON_SOLAR_STATION,PV,SUN,0.0,0.0,1,"0,0"
HURRICANE_CITY_POWER,IC|ST,NG|OIL,0.0,0.0,1,"0,0"
HYDER_II,PV,SUN,0.0,0.0,1,"0,0"
HYDER_SOLAR,PV,SUN,0.0,0.0,1,"0,0"
HYDER_SOLAR_PLANT_PHASE_1,PV,SUN,0.0,0.0,1,"0,0"
HYDROGEN_ENERGY_CALIFORNIA_LLC,,,0.0,0.0,1,"0,0"
HYPERION_TREATMENT_PLANT_CHP_PLANT,ST,BIO,0.0,0.0,1,"0,0"
H_GONZALES,CT,NG,0.0,0.0,1,"0,0"
H_M_JACKSON,HT,WATER,0.0,0.0,1,"0,0"
H_WILSON_SUNDT_GENERATING_STATION,ST|CT,NG|NG,0.0,0.0,1,"0,0"
ICE_HARBOR,HT,WATER,0.0,0.0,1,"0,0"
ID_SOLAR,PV,SUN,0.0,0.0,1,"0,0"
IMPERIAL_CENTER_S,PV,SUN,0.0,0.0,1,"0,0"
IMPERIAL_SOLAR_ENERGY_CENTER_SOUTH,PV,SUN,0.0,0.0,1,"0,0"
IMPERIAL_SOLAR_ENERGY_CENTER_WEST,PV,SUN,0.0,0.0,1,"0,0"
IMPERIAL_VALLEY_SOLAR_COMPANY_1,,,0.0,0.0,1,"0,0"
IMPERIAL_VALLEY_SOLAR_COMPANY_1_LLC,PV,SUN,0.0,0.0,1,"0,0"
IMPERIAL_VALLEY_SOLAR_CO_IVSC_2_LLC,PV,SUN,0.0,0.0,1,"0,0"
IMPERIAL_VALLEY_SOLAR_LLC,PV,SUN,0.0,0.0,1,"0,0"
INDIGO_ENERGY_FACILITY,CT,NG,0.0,0.0,1,"0,0"
INTERMOUNTAIN_POWER_PROJECT,ST|CC,COAL|NG,0.0,0.0,1,"0,0"
IP_SPRINGFIELD_OREGON,ST,WOOD,0.0,0.0,1,"0,0"
IRON_GATE,HT,ELEC,0.0,0.0,1,"0,0"
IRON_HORSE_BATTERY_STORAGE,ES|PV,ELEC|SUN,0.0,0.0,1,"0,0"
IRON_SPRINGS_SOLAR_LLC,PV,SUN,0.0,0.0,1,"0,0"
ISABELLA_HYDRO_PROJECT,HT,WATER,0.0,0.0,1,"0,0"
ISIS,,,0.0,0.0,1,"0,0"
IVANPAH_1,ST,SUN,0.0,0.0,1,"0,0"
IVANPAH_2,ST,SUN,0.0,0.0,1,"0,0"
IVANPAH_3,ST,SUN,0.0,0.0,1,"0,0"
JACUMBA_SOLAR_FARM,,,0.0,0.0,1,"0,0"
JACUMBA_SOLAR_FARM_2,PV,SUN,0.0,0.0,1,"0,0"
JAMES_B_BLACK,HT,WATER,0.0,0.0,1,"0,0"
JAYBIRD,HT,WATER,0.0,0.0,1,"0,0"
JEFFERSON_SMURFIT_SANTA_CLARA_MILL,CC,NG,0.0,0.0,1,"0,0"
JEFF_CREEK_WINDFARM_BURN_RIVER,WT,WIND,0.0,0.0,1,"0,0"
JIM_BRIDGER,ST,COAL,0.0,0.0,1,"0,0"
JM_SHAFER_GENERATING_STATION,CC,NG,0.0,0.0,1,"0,0"
JOHN_C_BOYLE,HT,WATER,0.0,0.0,1,"0,0"
JOHN_DAY,HT,WATER,0.0,0.0,1,"0,0"
JOHN_L_FEATHERSTONE_PLANT,ST,GEO,0.0,0.0,1,"0,0"
JONES_FORK,HT,WATER,0.0,0.0,1,"0,0"
JORDANELLE_DAM_HYDROELECTRIC_PROJECT,,,0.0,0.0,1,"0,0"
JUDGE_F_CARR,HT,WATER,0.0,0.0,1,"0,0"
JUDITH_GAP_WIND_ENERGY_CENTER,WT,WIND,0.0,0.0,1,"0,0"
JUNIPER_CANYON_I_WIND_PROJECT,WT,WIND,0.0,0.0,1,"0,0"
KANSAS,PV,SUN,0.0,0.0,1,"0,0"
KAREN_AVENUE_WINDFARM,WT,WIND,0.0,0.0,1,"0,0"
KAYENTA_SOLAR_PROJECT,PV,SUN,0.0,0.0,1,"0,0"
KELLY_RIDGE,HT,WATER,0.0,0.0,1,"0,0"
KENNECOTT_POWER_PLANT,UNKNOWN|ST|CC|CT,OTHER|COAL|NG|NG,0.0,0.0,1,"0,0"
KENT_SOUTH,PV,SUN,0.0,0.0,1,"0,0"
KERCKHOFF_2,HT,WATER,0.0,0.0,1,"0,0"
KERN_FRONT,CT,NG,0.0,0.0,1,"0,0"
KERN_RIVER_1,HT,WATER,0.0,0.0,1,"0,0"
KERN_RIVER_3,HT,WATER,0.0,0.0,1,"0,0"
KERN_RIVER_COGENERATION,CT,NG,0.0,0.0,1,"0,0"
KERN_RIVER_EASTRIDGE_COGEN,CT,NG,0.0,0.0,1,"0,0"
KERN_SOLAR_RANCH,,,0.0,0.0,1,"0,0"
KERR,HT,WATER,0.0,0.0,1,"0,0"
KESWICK,HT,WATER,0.0,0.0,1,"0,0"
KETTLEMAN_SOLAR_-CENTAURUS,PV,SUN,0.0,0.0,1,"0,0"
KETTLE_FALLS_GENERATING_STATION,CT|ST,NG|WOOD,0.0,0.0,1,"0,0"
KINGBIRD_SOLAR_A,PV,SUN,0.0,0.0,1,"0,0"
KINGBIRD_SOLAR_B,PV,SUN,0.0,0.0,1,"0,0"
KINGMAN_1,PV|WT,SUN|WIND,0.0,0.0,1,"0,0"
KINGSBURG_COGEN,CC,NG,0.0,0.0,1,"0,0"
KINGS_BEACH,ST,OIL,0.0,0.0,1,"0,0"
KINGS_RIVER,CT,NG,0.0,0.0,1,"0,0"
KINGS_RIVER_PH,HT,WATER,0.0,0.0,1,"0,0"
KING_CITY_PEAKING,CT,NG,0.0,0.0,1,"0,0"
KING_CITY_POWER_PLANT,CC,NG,0.0,0.0,1,"0,0"
KIT_CARSON_WINDPOWER,WT,WIND,0.0,0.0,1,"0,0"
KLAMATH_COGENERATION_PLANT,CC,NG,0.0,0.0,1,"0,0"
KLAMATH_EXPANSION_PROJECT,CT,NG,0.0,0.0,1,"0,0"
KLONDIKE_WINDPOWER_II,WT,WIND,0.0,0.0,1,"0,0"
KLONDIKE_WINDPOWER_III_PHASE_1,WT,WIND,0.0,0.0,1,"0,0"
KLONDIKE_WINDPOWER_III_PHASE_2,WT,WIND,0.0,0.0,1,"0,0"
KLONDIKE_WIND_POWER,WT,WIND,0.0,0.0,1,"0,0"
KOMA_KULSHAN_ASSOCIATES,HT,WATER,0.0,0.0,1,"0,0"
KORTES,HT,WATER,0.0,0.0,1,"0,0"
KUMEYAAY_WIND,WT,WIND,0.0,0.0,1,"0,0"
KYRENE,ST|CT|CC,NG|NG|NG,0.0,0.0,1,"0,0"
LAGRANDE,HT,WATER,0.0,0.0,1,"0,0"
LAKE_HODGES_HYDROELECTRIC_FACILITY,HT,ELEC,0.0,0.0,1,"0,0"
LAKE_ONE,CT,NG,0.0,0.0,1,"0,0"
LAKE_SIDE_POWER_PLANT,CC,NG,0.0,0.0,1,"0,0"
LAMBIE_ENERGY_CENTER,CT,NG,0.0,0.0,1,"0,0"
LANGLEY_GULCH_POWER_PLANT,CC,NG,0.0,0.0,1,"0,0"
LARAMIE_RIVER_STATION,ST,COAL,0.0,0.0,1,"0,0"
LARKSPUR_ENERGY_FACILITY,CT,NG,0.0,0.0,1,"0,0"
LAS_CRUCES_CENTENNIAL_SOLAR_FARM,,,0.0,0.0,1,"0,0"
LATIGO_WIND_PARK,,,0.0,0.0,1,"0,0"
LA_LUZ_ENERGY_CENTER,CT,NG,0.0,0.0,1,"0,0"
LA_PALOMA_GENERATING_LLC,CC,NG,0.0,0.0,1,"0,0"
LCEC_GENERATION_LLVC,IC,NG,0.0,0.0,1,"0,0"
LEANING_JUNIPER,WT,WIND,0.0,0.0,1,"0,0"
LEANING_JUNIPER_WIND_POWER_II,WT,WIND,0.0,0.0,1,"0,0"
LEMOLO_1,HT,WATER,0.0,0.0,1,"0,0"
LEMOLO_2,HT,WATER,0.0,0.0,1,"0,0"
LEWIS_CLARK,ST|IC,COAL|NG,0.0,0.0,1,"0,0"
LIBBY,HT,WATER,0.0,0.0,1,"0,0"
LIMON_GENERATING_STATION,CT,NG,0.0,0.0,1,"0,0"
LIMON_III_WIND_LLC,WT,WIND,0.0,0.0,1,"0,0"
LIMON_WIND_I,WT,WIND,0.0,0.0,1,"0,0"
LIMON_WIND_II,WT,WIND,0.0,0.0,1,"0,0"
LINDEN_WIND_ENERGY_PROJECT,WT,WIND,0.0,0.0,1,"0,0"
LITTLE_FALLS,HT,WATER,0.0,0.0,1,"0,0"
LITTLE_GOOSE,HT,WATER,0.0,0.0,1,"0,0"
LIVE_OAK_COGEN,CT,NG,0.0,0.0,1,"0,0"
LODI_ENERGY_CENTER,CC,NG,0.0,0.0,1,"0,0"
LOGAN_CITY,CT|ST,NG|OIL,0.0,0.0,1,"0,0"
LOGAN_WIND_ENERGY,WT,WIND,0.0,0.0,1,"0,0"
LOMA_LINDA_UNIVERSITY_COGEN,CT|ST|CC,NG|OIL|NG,0.0,0.0,1,"0,0"
LONE_VALLEY_SOLAR_PARK_II_LLC,PV,SUN,0.0,0.0,1,"0,0"
LONE_VALLEY_SOLAR_PARK_I_LLC,PV,SUN,0.0,0.0,1,"0,0"
LONGVIEW_FIBRE,CT|ST,NG|WOOD,0.0,0.0,1,"0,0"
LONG_BEACH_GENERATION_LLC,CC|CT,NG|NG,0.0,0.0,1,"0,0"
LONG_BOAT_SOLAR,PV,SUN,0.0,0.0,1,"0,0"
LONG_LAKE,HT,WATER,0.0,0.0,1,"0,0"
LOOKOUT_POINT,HT,WATER,0.0,0.0,1,"0,0"
LOON_LAKE,HT,WATER,0.0,0.0,1,"0,0"
LORDSBURG_GENERATING,CT,NG,0.0,0.0,1,"0,0"
LOST_CREEK,HT,WATER,0.0,0.0,1,"0,0"
LOST_HILLS,PV,SUN,0.0,0.0,1,"0,0"
LOST_HILLS_COGENERATION_PLANT,CT,NG,0.0,0.0,1,"0,0"
LOS_ANGELES_REFINERY_WILMINGTON,ST|ST,GAS|NG,0.0,0.0,1,"0,0"
LOS_ESTEROS_CRITICAL_ENERGY_CENTER,CC,NG,0.0,0.0,1,"0,0"
LOS_MEDANOS_ENERGY_CENTER,CC,NG,0.0,0.0,1,"0,0"
LOWER_BAKER,HT,WATER,0.0,0.0,1,"0,0"
LOWER_GRANITE,HT,WATER,0.0,0.0,1,"0,0"
LOWER_MALAD,HT,WATER,0.0,0.0,1,"0,0"
LOWER_MONUMENTAL,HT,WATER,0.0,0.0,1,"0,0"
LOWER_SALMON,HT,WATER,0.0,0.0,1,"0,0"
LOWER_SNAKE_RIVER_WIND_ENERGY_PROJECT,WT,WIND,0.0,0.0,1,"0,0"
LUCKY_PEAK_POWER_PLANT_PROJECT,HT,WATER,0.0,0.0,1,"0,0"
LUNA_ENERGY_FACILITY,CC,NG,0.0,0.0,1,"0,0"
MACHO_SPRINGS,PV,SUN,0.0,0.0,1,"0,0"
MACHO_SPRINGS_POWER_I,WT,WIND,0.0,0.0,1,"0,0"
MADDOX,CT|ST,NG|NG,0.0,0.0,1,"0,0"
MAGNOLIA_POWER_PROJECT,CC,NG,0.0,0.0,1,"0,0"
MAINLINE_WINDFARM,WT,WIND,0.0,0.0,1,"0,0"
MAIN_CANAL_HEADWORKS,HT,WATER,0.0,0.0,1,"0,0"
MALBURG,CC,NG,0.0,0.0,1,"0,0"
MAMMOTH_PACIFIC_I,ST,GEO,0.0,0.0,1,"0,0"
MAMMOTH_PACIFIC_II,ST,GEO,0.0,0.0,1,"0,0"
MANCHIEF_ELECTRIC_GENERATING_STATION,CT,NG,0.0,0.0,1,"0,0"
MANZANA_WIND_LLC,WT,WIND,0.0,0.0,1,"0,0"
MARCH_POINT_COGENERATION,CC|CT,NG|NG,0.0,0.0,1,"0,0"
MARENGO_WIND_PLANT,WT,WIND,0.0,0.0,1,"0,0"
MARICOPA_WEST,PV,SUN,0.0,0.0,1,"0,0"
MARIN_CLEAN_ENERGY_SOLAR_ONE,PV,SUN,0.0,0.0,1,"0,0"
MARIPOSA_ENERGY_PROJECT,CT,NG,0.0,0.0,1,"0,0"
MARSH_LANDING_GENERATING_STATION,CT,NG,0.0,0.0,1,"0,0"
MARTINEZ_REFINING,CC|ST,NG|GAS,0.0,0.0,1,"0,0"
MARTIN_DRAKE,ST|CT|ST,COAL|NG|NG,0.0,0.0,1,"0,0"
MAYFIELD,HT,WATER,0.0,0.0,1,"0,0"
MCAGCC_COGEN_PLANT_1,CT,NG,0.0,0.0,1,"0,0"
MCCLELLAN_CA,CT,NG,0.0,0.0,1,"0,0"
MCCLURE,CT|ST,NG|OIL,0.0,0.0,1,"0,0"
MCCOY_SOLAR_ENERGY_PROJECT,PV,SUN,0.0,0.0,1,"0,0"
MCFADDEN_RIDGE,WT,WIND,0.0,0.0,1,"0,0"
MCGRATH_PEAKER,CT,NG,0.0,0.0,1,"0,0"
MCKITTRICK_COGEN,CT,NG,0.0,0.0,1,"0,0"
MCKITTRICK_COGEN_FACILITY,CT,NG,0.0,0.0,1,"0,0"
MCNARY,HT,WATER,0.0,0.0,1,"0,0"
MCNARY_DAM_FISH_ATTRACTION_PROJECT,HT,WATER,0.0,0.0,1,"0,0"
MEADOW_CREEK_PROJECT_COMPANY,WT,WIND,0.0,0.0,1,"0,0"
MERWIN,HT,WATER,0.0,0.0,1,"0,0"
MESA_WIND_POWER_CORP,WT,WIND,0.0,0.0,1,"0,0"
MESQUITE_2,PV,SUN,0.0,0.0,1,"0,0"
MESQUITE_3,PV,SUN,0.0,0.0,1,"0,0"
MESQUITE_GENERATING_STATION_BLOCK_1,CC,NG,0.0,0.0,1,"0,0"
MESQUITE_GENERATING_STATION_BLOCK_2,CC,NG,0.0,0.0,1,"0,0"
MESQUITE_SOLAR_1,PV,SUN,0.0,0.0,1,"0,0"
METCALF_ENERGY_CENTER,CC,NG,0.0,0.0,1,"0,0"
METRO_WASTEWATER_RECLAMATION_DISTRICT,ST,BIO,0.0,0.0,1,"0,0"
MIDDLE_FORK,HT,WATER,0.0,0.0,1,"0,0"
MIDDLE_GORGE,HT,WATER,0.0,0.0,1,"0,0"
MIDWAY_PEAKING_LLC,CT,NG,0.0,0.0,1,"0,0"
MIDWAY_SUNSET_COGEN,CT,NG,0.0,0.0,1,"0,0"
MILES_CITY_GT,CT,NG,0.0,0.0,1,"0,0"
MILFORD_WIND_CORRIDOR_I_LLC,WT,WIND,0.0,0.0,1,"0,0"
MILFORD_WIND_CORRIDOR_STAGE_II_LLC,WT,WIND,0.0,0.0,1,"0,0"
MILLCREEK_POWER_GENERATION,CT,NG,0.0,0.0,1,"0,0"
MILLERCOORS_IRWINDALE_BREWERY,CT|ST|PV,NG|BIO|SUN,0.0,0.0,1,"0,0"
MILNER_DAM_WIND_PARK_LLC,WT,WIND,0.0,0.0,1,"0,0"
MILNER_HYDRO,HT,WATER,0.0,0.0,1,"0,0"
MINIDOKA,HT,WATER,0.0,0.0,1,"0,0"
MINT_FARM_GENERATING_STATION,CC,NG,0.0,0.0,1,"0,0"
MIRAMAR_ENERGY_FACILITY,CT,NG,0.0,0.0,1,"0,0"
MIRA_LOMA_ENERGY_STORAGE_FACILITY,ES,ELEC,0.0,0.0,1,"0,0"
MIRA_LOMA_PEAKER,CT,NG,0.0,0.0,1,"0,0"
MM_WEST_COVINA,CT,WASTE,0.0,0.0,1,"0,0"
MOCCASIN,HT,WATER,0.0,0.0,1,"0,0"
MOHAVE_ELECTRIC_AT_FORT_MOHAVE,PV,SUN,0.0,0.0,1,"0,0"
MOJAVE_16,WT,WIND,0.0,0.0,1,"0,0"
MOJAVE_17,WT,WIND,0.0,0.0,1,"0,0"
MOJAVE_18,WT,WIND,0.0,0.0,1,"0,0"
MOJAVE_3,WT,WIND,0.0,0.0,1,"0,0"
MOJAVE_4,WT,WIND,0.0,0.0,1,"0,0"
MOJAVE_5,WT,WIND,0.0,0.0,1,"0,0"
MOJAVE_COGEN,,,0.0,0.0,1,"0,0"
MOJAVE_SIPHON,HT,WATER,0.0,0.0,1,"0,0"
MOJAVE_SOLAR_PROJECT,ST,SUN,0.0,0.0,1,"0,0"
MONROE_STREET,HT,WATER,0.0,0.0,1,"0,0"
MONTAGUE_WIND_POWER_FACILITY_LLC,WT,WIND,0.0,0.0,1,"0,0"
MONTEZUMA_WIND_II,WT,WIND,0.0,0.0,1,"0,0"
MONTICELLO_DAM,HT,WATER,0.0,0.0,1,"0,0"
MORELOS,PV,SUN,0.0,0.0,1,"0,0"
MORMON_FLAT,HT|HT,WATER|ELEC,0.0,0.0,1,"0,0"
MORONY,HT,WATER,0.0,0.0,1,"0,0"
MORROW_POINT,HT,WATER,0.0,0.0,1,"0,0"
MOSSYROCK,HT,WATER,0.0,0.0,1,"0,0"
MOUNTAINVIEW_GENERATING_STATION,CC|ST,NG|NG,0.0,0.0,1,"0,0"
MOUNTAIN_VIEW_I2,WT,WIND,0.0,0.0,1,"0,0"
MOUNTAIN_VIEW_III,WT,WIND,0.0,0.0,1,"0,0"
MOUNTAIN_VIEW_IV,WT,WIND,0.0,0.0,1,"0,0"
MOUNTAIN_WIND_POWER_II_LLC,WT,WIND,0.0,0.0,1,"0,0"
MOUNTAIN_WIND_POWER_LLC,WT,WIND,0.0,0.0,1,"0,0"
MOUNT_ELBERT,HT,ELEC,0.0,0.0,1,"0,0"
MT_HOME_SOLAR_1_LLC,PV,SUN,0.0,0.0,1,"0,0"
MT_POSO_COGENERATION,ST,WOOD,0.0,0.0,1,"0,0"
MT_SIGNAL,PV,SUN,0.0,0.0,1,"0,0"
MUCK_VALLEY_HYDROELECTRIC,HT,WATER,0.0,0.0,1,"0,0"
MURPHY_FLAT_SOLAR,PV,SUN,0.0,0.0,1,"0,0"
MURRAY_TURBINE,CT,NG,0.0,0.0,1,"0,0"
MUSSELSHELL_WIND_PROJECT,WT,WIND,0.0,0.0,1,"0,0"
MUSSELSHELL_WIND_PROJECT_TWO_LLC,WT,WIND,0.0,0.0,1,"0,0"
MUSTANG_HILLS_LLC,WT,WIND,0.0,0.0,1,"0,0"
MYSTIC,HT,WATER,0.0,0.0,1,"0,0"
NARROWS_2,HT,WATER,0.0,0.0,1,"0,0"
NARROWS_PH,HT,WATER,0.0,0.0,1,"0,0"
NATURENER_GLACIER_WIND_ENERGY_1,WT,WIND,0.0,0.0,1,"0,0"
NATURENER_GLACIER_WIND_ENERGY_2,WT,WIND,0.0,0.0,1,"0,0"
NATURENER_RIM_ROCK_ENERGY,WT,WIND,0.0,0.0,1,"0,0"
NAUGHTON,ST|ST,COAL|NG,0.0,0.0,1,"0,0"
NAVAJO_DAM,HT,WATER,0.0,0.0,1,"0,0"
NAVAL_AIR_WEAPONS_STATION_CHINA_LAKE,PV,SUN,0.0,0.0,1,"0,0"
NAVAL_STATION_ENERGY_FACILITY,CC,NG,0.0,0.0,1,"0,0"
NEAL_HOT_SPRINGS_GEOTHERMAL_PROJECT,ST,GEO,0.0,0.0,1,"0,0"
NEBO_POWER_STATION,CC,NG,0.0,0.0,1,"0,0"
NEIL_SIMPSON_GAS_TURBINE_2,CT,NG,0.0,0.0,1,"0,0"
NEIL_SIMPSON_II,ST|CT,COAL|NG,0.0,0.0,1,"0,0"
NEW-INDY_ONTARIO_MILL,CT,NG,0.0,0.0,1,"0,0"
NEWCASTLE,HT,WATER,0.0,0.0,1,"0,0"
NEW_MELONES,HT,WATER,0.0,0.0,1,"0,0"
NEW_MEXICO_WIND_ENERGY_CENTER,WT,WIND,0.0,0.0,1,"0,0"
NEXTERA_WESTSIDE_PV,PV,SUN,0.0,0.0,1,"0,0"
NICOLIS,PV,SUN,0.0,0.0,1,"0,0"
NILAND_GAS_TURBINE_PLANT,CT,NG,0.0,0.0,1,"0,0"
NIMBUS,HT,WATER,0.0,0.0,1,"0,0"
NINE_CANYON,WT,WIND,0.0,0.0,1,"0,0"
NINE_MILE,HT,WATER,0.0,0.0,1,"0,0"
NORTHEAST,CT,NG,0.0,0.0,1,"0,0"
NORTHERN_COLORADO_WIND_LLC,WT,WIND,0.0,0.0,1,"0,0"
NORTH_BRAWLEY_GEOTHERMAL_PLANT,ST,GEO,0.0,0.0,1,"0,0"
NORTH_FORK,HT,WATER,0.0,0.0,1,"0,0"
NORTH_HURLBURT_WIND_LLC,WT,WIND,0.0,0.0,1,"0,0"
NORTH_ISLAND_ENERGY_FACILITY,CC,NG,0.0,0.0,1,"0,0"
NORTH_LANCASTER_RANCH,PV,SUN,0.0,0.0,1,"0,0"
NORTH_LOOP,CT,NG,0.0,0.0,1,"0,0"
NORTH_SKY_RIVER_ENERGY_LLC,WT,WIND,0.0,0.0,1,"0,0"
NORTH_STAR_SOLAR,PV,SUN,0.0,0.0,1,"0,0"
NOVO_BIOPOWER_PLANT,ST,WOOD,0.0,0.0,1,"0,0"
NOXON_RAPIDS,HT,WATER,0.0,0.0,1,"0,0"
NRG_SOLAR_BLYTHE_II,PV,SUN,0.0,0.0,1,"0,0"
NRG_SOLAR_BLYTHE_LLC,PV,SUN,0.0,0.0,1,"0,0"
NRG_SOLAR_BORREGO_I,PV,SUN,0.0,0.0,1,"0,0"
NTC_MCRD_ENERGY_FACILITY,CC,NG,0.0,0.0,1,"0,0"
OAK_CREEK_ENERGY_SYSTEMS_I,WT,WIND,0.0,0.0,1,"0,0"
OAK_GROVE,HT,WATER,0.0,0.0,1,"0,0"
OASIS_SOLAR,PV,SUN,0.0,0.0,1,"0,0"
OASIS_WIND,WT,WIND,0.0,0.0,1,"0,0"
OCOTILLO,ST|CT|PV,NG|NG|SUN,0.0,0.0,1,"0,0"
OCOTILLO_EXPRESS_LLC,WT,WIND,0.0,0.0,1,"0,0"
OLS_ENERGY_CAMARILLO,CC,NG,0.0,0.0,1,"0,0"
OLS_ENERGY_CHINO,CC,NG,0.0,0.0,1,"0,0"
ONEIDA,HT,WATER,0.0,0.0,1,"0,0"
ONEILL,HT,ELEC,0.0,0.0,1,"0,0"
OPEN_RANGE_SOLAR_CENTER_LLC,PV,SUN,0.0,0.0,1,"0,0"
ORANGE_GROVE_PEAKING_FACILITY,CT,NG,0.0,0.0,1,"0,0"
ORCHARD_RANCH_SOLAR,PV,SUN,0.0,0.0,1,"0,0"
OREGON_TRAIL_WIND_PARK,WT,WIND,0.0,0.0,1,"0,0"
OREG_1_INC,UNKNOWN,OTHER,0.0,0.0,1,"0,0"
OREG_2_INC,UNKNOWN,OTHER,0.0,0.0,1,"0,0"
ORION_SOLAR_I,PV,SUN,0.0,0.0,1,"0,0"
ORMESA_I,ST,GEO,0.0,0.0,1,"0,0"
ORMESA_II,ST,GEO,0.0,0.0,1,"0,0"
ORMOND_BEACH,ST,NG,0.0,0.0,1,"0,0"
OR_SOLAR_3_LLC,PV,SUN,0.0,0.0,1,"0,0"
OR_SOLAR_6_LLC,PV,SUN,0.0,0.0,1,"0,0"
OR_SOLAR_8_LLC,PV,SUN,0.0,0.0,1,"0,0"
OTAY,CT,WASTE,0.0,0.0,1,"0,0"
OTAY_MESA_GENERATING_PROJECT,,,0.0,0.0,1,"0,0"
OTAY_MESA_GENERATING_PROJECT_2,CC,NG,0.0,0.0,1,"0,0"
OXBOW,HT,WATER,0.0,0.0,1,"0,0"
OXNARD,CT,NG,0.0,0.0,1,"0,0"
OXNARD_PAPER_MILL,CT,NG,0.0,0.0,1,"0,0"
PACIFIC-ULTRAPOWER_CHINESE_STATION,ST,WOOD,0.0,0.0,1,"0,0"
PACIFIC_WIND_LLC,WT,WIND,0.0,0.0,1,"0,0"
PACKWOOD,HT,WATER,0.0,0.0,1,"0,0"
PALISADES,HT,WATER,0.0,0.0,1,"0,0"
PALOMAR_ENERGY,CC,NG,0.0,0.0,1,"0,0"
PALOMA_SOLAR,PV,SUN,0.0,0.0,1,"0,0"
PALOMA_SOLAR_PLANT,PV,SUN,0.0,0.0,1,"0,0"
PALOUSE,WT,WIND,0.0,0.0,1,"0,0"
PALO_VERDE,ST,NUC,0.0,0.0,1,"0,0"
PANOCHE_ENERGY_CENTER,CT,NG,0.0,0.0,1,"0,0"
PANOCHE_PEAKER,CT,NG,0.0,0.0,1,"0,0"
PARDEE,HT,WATER,0.0,0.0,1,"0,0"
PARKER_DAM,HT,WATER,0.0,0.0,1,"0,0"
PARNASSUS_CENTRAL_UTILITY_PLANT,CC,NG,0.0,0.0,1,"0,0"
PASTORIA_ENERGY_FACILITY_LLC,CC,NG,0.0,0.0,1,"0,0"
PAVANT_SOLAR_III,PV,SUN,0.0,0.0,1,"0,0"
PAVANT_SOLAR_II_LLC,PV,SUN,0.0,0.0,1,"0,0"
PAVANT_SOLAR_LLC,PV,SUN,0.0,0.0,1,"0,0"
PAWNEE,ST,COAL,0.0,0.0,1,"0,0"
PAYNES_FERRY,WT,WIND,0.0,0.0,1,"0,0"
PEAK_VIEW_WIND_FARM,WT,WIND,0.0,0.0,1,"0,0"
PEBBLE_SPRINGS_WIND_LLC,WT,WIND,0.0,0.0,1,"0,0"
PEBBLY_BEACH,ES|ST,ELEC|OIL,0.0,0.0,1,"0,0"
PEETZ_TABLE_WIND_ENERGY,WT,WIND,0.0,0.0,1,"0,0"
PELTON,HT,WATER,0.0,0.0,1,"0,0"
PERRIN_RANCH_WIND_LLC,WT,WIND,0.0,0.0,1,"0,0"
PE_BERKELEY,CC,NG,0.0,0.0,1,"0,0"
PHILLIPS_66_CARBON_PLANT,ST,COKE,0.0,0.0,1,"0,0"
PHILLIPS_66_RODEO_REFINERY,ST,GAS,0.0,0.0,1,"0,0"
PHP_1,HT,WATER,0.0,0.0,1,"0,0"
PHP_2,HT,WATER,0.0,0.0,1,"0,0"
PICTURE_ROCKS_SOLAR_LLC,PV,SUN,0.0,0.0,1,"0,0"
PILGRIM_STAGE_WIND_PARK,WT,WIND,0.0,0.0,1,"0,0"
PILOT_KNOB,HT,WATER,0.0,0.0,1,"0,0"
PIMA_ENERGY_STORAGE_SYSTEM,ES,ELEC,0.0,0.0,1,"0,0"
PINE_FLAT,HT,WATER,0.0,0.0,1,"0,0"
PINE_TREE_WIND_POWER_PROJECT,WT,WIND,0.0,0.0,1,"0,0"
PINYON_PINE_I,WT,WIND,0.0,0.0,1,"0,0"
PINYON_PINE_II,WT,WIND,0.0,0.0,1,"0,0"
PIONEER_GREEN_ENERGY,PV,SUN,0.0,0.0,1,"0,0"
PIONEER_WIND_PARK_LLC,WT,WIND,0.0,0.0,1,"0,0"
PIO_PICO_ENERGY_CENTER,CT,NG,0.0,0.0,1,"0,0"
PIT_1,HT,WATER,0.0,0.0,1,"0,0"
PIT_3,HT,WATER,0.0,0.0,1,"0,0"
PIT_4,HT,WATER,0.0,0.0,1,"0,0"
PIT_5,HT,WATER,0.0,0.0,1,"0,0"
PIT_6,HT,WATER,0.0,0.0,1,"0,0"
PIT_7,HT,WATER,0.0,0.0,1,"0,0"
PLAINS_END,IC,NG,0.0,0.0,1,"0,0"
PLAINS_END_II_LLC,IC,NG,0.0,0.0,1,"0,0"
PLANT_NO_2_ORANGE_COUNTY,ST,BIO,0.0,0.0,1,"0,0"
PLES_I,ST,GEO,0.0,0.0,1,"0,0"
POE,HT,WATER,0.0,0.0,1,"0,0"
POLE_HILL,HT,WATER,0.0,0.0,1,"0,0"
POOLE,HT,WATER,0.0,0.0,1,"0,0"
PORTAL_RIDGE_B,,,0.0,0.0,1,"0,0"
PORTAL_RIDGE_C,,,0.0,0.0,1,"0,0"
PORTAL_RIDGE_SOLAR_B_LLC,PV,SUN,0.0,0.0,1,"0,0"
PORTAL_RIDGE_SOLAR_C_LLC,PV,SUN,0.0,0.0,1,"0,0"
PORT_WESTWARD,CC,NG,0.0,0.0,1,"0,0"
PORT_WESTWARD_UNIT_2,IC,NG,0.0,0.0,1,"0,0"
POST_FALLS,HT,WATER,0.0,0.0,1,"0,0"
POWER_COUNTY_WIND_PARK_NORTH,WT,WIND,0.0,0.0,1,"0,0"
POWER_COUNTY_WIND_PARK_SOUTH,WT,WIND,0.0,0.0,1,"0,0"
PRESCOTT,PV,SUN,0.0,0.0,1,"0,0"
PRESCOTT_SOLAR_PLANT,PV,SUN,0.0,0.0,1,"0,0"
PRIEST_RAPIDS,HT,WATER,0.0,0.0,1,"0,0"
PROSPECTOR_WINDFARM_BURNT_RIVER,WT,WIND,0.0,0.0,1,"0,0"
PROSPECT_2,HT,WATER,0.0,0.0,1,"0,0"
PROVO_POWER_PLANT,IC,NG,0.0,0.0,1,"0,0"
PUEBLO_AIRPORT_GENERATING_STATION,CC|CT,NG|NG,0.0,0.0,1,"0,0"
PUENTE_HILLS_ENERGY_RECOVERY,CT,WASTE,0.0,0.0,1,"0,0"
PUMPJACK_SOLAR_I,PV,SUN,0.0,0.0,1,"0,0"
PYRAMID,CT,NG,0.0,0.0,1,"0,0"
QUAY_COUNTY,ST,OIL,0.0,0.0,1,"0,0"
QUEEN_CREEK_SOLAR_FARM,PV,SUN,0.0,0.0,1,"0,0"
QUINTO,PV,SUN,0.0,0.0,1,"0,0"
QUINTO_SOLAR_PV_PROJECT,PV,SUN,0.0,0.0,1,"0,0"
RAFT_RIVER_GEOTHERMAL_POWER_PLANT,ST,GEO,0.0,0.0,1,"0,0"
RAINBOW,HT,WATER,0.0,0.0,1,"0,0"
RALSTON,HT,WATER,0.0,0.0,1,"0,0"
RANCHO_SECO_SOLAR_LLC,PV,SUN,0.0,0.0,1,"0,0"
RATHDRUM,CT,NG,0.0,0.0,1,"0,0"
RATHDRUM_POWER_LLC,CC,NG,0.0,0.0,1,"0,0"
RATON,,,0.0,0.0,1,"0,0"
RAWHIDE,ST|CT,COAL|NG,0.0,0.0,1,"0,0"
RAY_D_NIXON,ST|CT,COAL|NG,0.0,0.0,1,"0,0"
REDCREST_SOLAR,PV,SUN,0.0,0.0,1,"0,0"
REDCREST_SOLAR_FARM,PV,SUN,0.0,0.0,1,"0,0"
REDDING_POWER,CC|CT,NG|NG,0.0,0.0,1,"0,0"
REDWOOD_4_SOLAR_FARM,PV,SUN,0.0,0.0,1,"0,0"
RED_BLUFF,IC,NG,0.0,0.0,1,"0,0"
RED_HAWK,CC,NG,0.0,0.0,1,"0,0"
RED_HORSE_2,PV|WT,SUN|WIND,0.0,0.0,1,"0,0"
RED_HORSE_III,PV,SUN,0.0,0.0,1,"0,0"
RED_MESA_WIND_LLC,WT,WIND,0.0,0.0,1,"0,0"
RED_ROCK,PV,SUN,0.0,0.0,1,"0,0"
REEVES,ST,NG,0.0,0.0,1,"0,0"
REGULUS,PV,SUN,0.0,0.0,1,"0,0"
REGULUS_SOLAR_PROJECT,PV,SUN,0.0,0.0,1,"0,0"
RET_MODESTO_SOLAR,PV,SUN,0.0,0.0,1,"0,0"
RE_ADAMS_EAST_LLC,PV,SUN,0.0,0.0,1,"0,0"
RE_BAGDAD_SOLAR_I_LLC,PV,SUN,0.0,0.0,1,"0,0"
RE_CAMELOT_LLC,PV,SUN,0.0,0.0,1,"0,0"
RE_COLUMBIA_TWO_LLC,PV,SUN,0.0,0.0,1,"0,0"
RE_GARLAND_A,PV,SUN,0.0,0.0,1,"0,0"
RE_KANSAS_SOLAR_LLC,PV,SUN,0.0,0.0,1,"0,0"
RE_KANSAS_SOUTH_LLC,PV,SUN,0.0,0.0,1,"0,0"
RE_KENT_SOUTH_LLC,PV,SUN,0.0,0.0,1,"0,0"
RE_MUSTANG,PV,SUN,0.0,0.0,1,"0,0"
RE_MUSTANG_3,PV,SUN,0.0,0.0,1,"0,0"
RE_MUSTANG_4,PV,SUN,0.0,0.0,1,"0,0"
RE_MUSTANG_LLC,PV,SUN,0.0,0.0,1,"0,0"
RE_OLD_RIVER_ONE_LLC,PV,SUN,0.0,0.0,1,"0,0"
RE_TRANQUILLITY,PV,SUN,0.0,0.0,1,"0,0"
RE_VICTOR_PHELAN_SOLAR_ONE_LLC,PV,SUN,0.0,0.0,1,"0,0"
RICE_SOLAR_ENERGY,,,0.0,0.0,1,"0,0"
RICHMOND_COGEN,CC|ST,NG|GAS,0.0,0.0,1,"0,0"
RIDGETOP,WT,WIND,0.0,0.0,1,"0,0"
RIDGETOP_ENERGY_LLC,WT,WIND,0.0,0.0,1,"0,0"
RIDGE_CREST_WIND_PARTNERS,WT,WIND,0.0,0.0,1,"0,0"
RIFLE_GENERATING_STATION,CC,NG,0.0,0.0,1,"0,0"
RIO_BRAVO,CT,NG,0.0,0.0,1,"0,0"
RIO_BRAVO_1,PV,SUN,0.0,0.0,1,"0,0"
RIO_BRAVO_2,PV,SUN,0.0,0.0,1,"0,0"
RIO_BRAVO_FRESNO,ST,WOOD,0.0,0.0,1,"0,0"
RIO_BRAVO_POSO,,,0.0,0.0,1,"0,0"
RIO_BRAVO_ROCKLIN,ST,WOOD,0.0,0.0,1,"0,0"
RIO_BRAVO_SOLAR_1_LLC,PV,SUN,0.0,0.0,1,"0,0"
RIO_BRAVO_SOLAR_II_LLC,PV,SUN,0.0,0.0,1,"0,0"
RIO_GRANDE,CT|ST,NG|NG,0.0,0.0,1,"0,0"
RIO_MESA_SEGF_2,,,0.0,0.0,1,"0,0"
RIO_MESA_SOLAR_FACILITY_1,,,0.0,0.0,1,"0,0"
RIPON_GENERATION_STATION,CT,NG,0.0,0.0,1,"0,0"
RIPON_MILL,CT,NG,0.0,0.0,1,"0,0"
RISING_TREE_WIND_FARM,WT,WIND,0.0,0.0,1,"0,0"
RISING_TREE_WIND_FARM_II,WT,WIND,0.0,0.0,1,"0,0"
RISING_TREE_WIND_FARM_III,WT,WIND,0.0,0.0,1,"0,0"
RIVERSIDE_ENERGY_RESOURCE_CENTER,CT,NG,0.0,0.0,1,"0,0"
RIVERVIEW_ENERGY_CENTER,CT,NG,0.0,0.0,1,"0,0"
RIVER_MILL,HT,WATER,0.0,0.0,1,"0,0"
RIVER_ROAD_GEN_PLANT,CC,NG,0.0,0.0,1,"0,0"
ROADRUNNER_SOLAR,PV,SUN,0.0,0.0,1,"0,0"
ROBBS_PEAK,HT,WATER,0.0,0.0,1,"0,0"
ROCKLAND_WIND_FARM,WT,WIND,0.0,0.0,1,"0,0"
ROCKWOOD,CT|ST,NG|OIL,0.0,0.0,1,"0,0"
ROCKY_FORD,ST,OIL,0.0,0.0,1,"0,0"
ROCKY_MOUNTAIN_ENERGY_CENTER,CC,NG,0.0,0.0,1,"0,0"
ROCKY_REACH,HT,WATER,0.0,0.0,1,"0,0"
ROCK_CREEK,HT,WATER,0.0,0.0,1,"0,0"
ROCK_ISLAND,HT,WATER,0.0,0.0,1,"0,0"
ROCK_RIVER_I_LLC,WT,WIND,0.0,0.0,1,"0,0"
ROLLING_HILLS,WT,WIND,0.0,0.0,1,"0,0"
ROLLINS,HT,WATER,0.0,0.0,1,"0,0"
ROOSEVELT,HT,WATER,0.0,0.0,1,"0,0"
ROOSEVELT_BIOGAS_1,CT,WASTE,0.0,0.0,1,"0,0"
ROSAMOND_ONE,PV,SUN,0.0,0.0,1,"0,0"
ROSAMOND_TWO,PV,SUN,0.0,0.0,1,"0,0"
ROSAMOND_W_1,PV,SUN,0.0,0.0,1,"0,0"
ROSAMOND_W_2,PV,SUN,0.0,0.0,1,"0,0"
ROSEBURG_FOREST_PRODUCTS_BIOMASS,ST,WOOD,0.0,0.0,1,"0,0"
ROSEVILLE_ENERGY_PARK,CC,NG,0.0,0.0,1,"0,0"
ROSS,HT,WATER,0.0,0.0,1,"0,0"
ROUND_BUTTE,HT,WATER,0.0,0.0,1,"0,0"
ROZA,HT,WATER,0.0,0.0,1,"0,0"
RUPERT_COGEN_PROJECT,,,0.0,0.0,1,"0,0"
RUSH_CREEK,HT,WATER,0.0,0.0,1,"0,0"
RUSH_CREEK_WIND,,,0.0,0.0,1,"0,0"
RUSSELL_CITY_ENERGY_CENTER,CC,NG,0.0,0.0,1,"0,0"
RYAN,HT,WATER,0.0,0.0,1,"0,0"
RYEGRASS_WINDFARM,WT,WIND,0.0,0.0,1,"0,0"
R_C_KIRKWOOD,HT,WATER,0.0,0.0,1,"0,0"
SADDLE_MOUNTAIN_SOLAR_I,PV,SUN,0.0,0.0,1,"0,0"
SAGEBRUSH_POWER_PARTNERS,WT,WIND,0.0,0.0,1,"0,0"
SAGE_SOLAR_I-III,PV,SUN,0.0,0.0,1,"0,0"
SAGUARO,CT|ST|ST,NG|NG|SUN,0.0,0.0,1,"0,0"
SALINAS_RIVER_COGENERATION,CT,NG,0.0,0.0,1,"0,0"
SALMON_FALLS_WIND_PARK,WT,WIND,0.0,0.0,1,"0,0"
SALTON_SEA_POWER_GEN_CO_-_UNIT_2,ST,GEO,0.0,0.0,1,"0,0"
SALTON_SEA_POWER_GEN_CO_-_UNIT_3,ST,GEO,0.0,0.0,1,"0,0"
SALTON_SEA_POWER_GEN_CO_-_UNIT_4,ST,GEO,0.0,0.0,1,"0,0"
SALTON_SEA_POWER_GEN_CO_UNIT_1,ST,GEO,0.0,0.0,1,"0,0"
SALTON_SEA_POWER_LLC_-_UNIT_5,ST,GEO,0.0,0.0,1,"0,0"
SALT_SPRINGS,HT,WATER,0.0,0.0,1,"0,0"
SANDSTONE_SOLAR,PV,SUN,0.0,0.0,1,"0,0"
SAND_BAR_POWER_PLANT,HT,WATER,0.0,0.0,1,"0,0"
SAND_DRAG_LLC,PV,SUN,0.0,0.0,1,"0,0"
SANTAN,CC,NG,0.0,0.0,1,"0,0"
SAN_DIEGO_STATE_UNIVERSITY,CC|PV,NG|SUN,0.0,0.0,1,"0,0"
SAN_FRANCISQUITO_1,HT,WATER,0.0,0.0,1,"0,0"
SAN_FRANCISQUITO_2,HT,WATER,0.0,0.0,1,"0,0"
SAN_GABRIEL_FACILITY,ES|CT,ELEC|NG,0.0,0.0,1,"0,0"
SAN_GORGONIO_FARMS_WIND_FARM,WT,WIND,0.0,0.0,1,"0,0"
SAN_GORGONIO_WESTWINDS_II_LLC,WT,WIND,0.0,0.0,1,"0,0"
SAN_GORGONIO_WINDPLANT_WPP1993,WT,WIND,0.0,0.0,1,"0,0"
SAN_ISABEL_SOLAR_LLC,PV,SUN,0.0,0.0,1,"0,0"
SAN_JUAN,ST,COAL,0.0,0.0,1,"0,0"
SAN_JUAN_MESA,WT,WIND,0.0,0.0,1,"0,0"
SAN_LUIS_VALLEY_SOLAR_RANCH,PV,SUN,0.0,0.0,1,"0,0"
SAWTOOTH_WIND_PROJECT,WT,WIND,0.0,0.0,1,"0,0"
SCATTERGOOD,CC|CT|ST,NG|NG|NG,0.0,0.0,1,"0,0"
SCA_COGEN_2,CC|CT,NG|NG,0.0,0.0,1,"0,0"
SDS_LUMBER_GORGE_ENERGY_DIVISION,ST,WOOD,0.0,0.0,1,"0,0"
SECOND_IMPERIAL_GEOTHERMAL,ST,GEO,0.0,0.0,1,"0,0"
SEGS_IX,ST,SUN,0.0,0.0,1,"0,0"
SEGS_VIII,ST,SUN,0.0,0.0,1,"0,0"
SEMINOE,HT,WATER,0.0,0.0,1,"0,0"
SENECA_SUSTAINABLE_ENERGY_LLC,ST,WOOD,0.0,0.0,1,"0,0"
SEPV_8,PV,SUN,0.0,0.0,1,"0,0"
SEPV_MOJAVE_W,PV,SUN,0.0,0.0,1,"0,0"
SEPV_PALMDALE_EAST,PV,SUN,0.0,0.0,1,"0,0"
SEVEN_MILE_HILL,WT,WIND,0.0,0.0,1,"0,0"
SEVILLE_2,PV,SUN,0.0,0.0,1,"0,0"
SEVILLE_SOLAR_1,PV,SUN,0.0,0.0,1,"0,0"
SHAFTER,PV,SUN,0.0,0.0,1,"0,0"
SHAFTER_SOLAR_LLC,PV,SUN,0.0,0.0,1,"0,0"
SHASTA,HT,WATER,0.0,0.0,1,"0,0"
SHILOH_III_WIND_PROJECT_LLC,WT,WIND,0.0,0.0,1,"0,0"
SHILOH_IV_WIND_PROJECT_LLC,WT,WIND,0.0,0.0,1,"0,0"
SHILOH_I_WIND_PROJECT,WT,WIND,0.0,0.0,1,"0,0"
SHILOH_WIND_PROJECT_2_LLC,WT,WIND,0.0,0.0,1,"0,0"
SHOSHONE,HT,WATER,0.0,0.0,1,"0,0"
SHOSHONE_FALLS,HT,WATER,0.0,0.0,1,"0,0"
SHUTE_CREEK_FACILITY,CT,NG,0.0,0.0,1,"0,0"
SIERRA_PACIFIC_ABERDEEN,ST,WOOD,0.0,0.0,1,"0,0"
SIERRA_PACIFIC_BURLINGTON_FACILITY,ST,WOOD,0.0,0.0,1,"0,0"
SIERRA_PACIFIC_BURNEY_FACILITY,ST,WOOD,0.0,0.0,1,"0,0"
SIERRA_PACIFIC_LINCOLN_FACILITY,ST,WOOD,0.0,0.0,1,"0,0"
SIERRA_PACIFIC_QUINCY_FACILITY,ST,WOOD,0.0,0.0,1,"0,0"
SIERRA_SOLAR_GREENWORKS,PV,SUN,0.0,0.0,1,"0,0"
SIERRA_SOLAR_GREENWORKS_2,PV,SUN,0.0,0.0,1,"0,0"
SILVER_SAGE_WINDPOWER,WT,WIND,0.0,0.0,1,"0,0"
SIMCOE_SOLAR,PV,SUN,0.0,0.0,1,"0,0"
SIMPLOT_LEASING_DON_PLANT,UNKNOWN,OTHER,0.0,0.0,1,"0,0"
SIMPLOT_PHOSPHATES,UNKNOWN,OTHER,0.0,0.0,1,"0,0"
SIMPSON_TACOMA_KRAFT_BIOMASS,ST,WOOD,0.0,0.0,1,"0,0"
SJ_SC_WPCP,IC|ST,NG|BIO,0.0,0.0,1,"0,0"
SKIC_SOLAR,PV,SUN,0.0,0.0,1,"0,0"
SKIC_SOLAR_1,,,0.0,0.0,1,"0,0"
SLIDE_CREEK,HT,WATER,0.0,0.0,1,"0,0"
SLY_CREEK,HT,WATER,0.0,0.0,1,"0,0"
SMITH_FALLS_HYDRO_PROJECT,HT,WATER,0.0,0.0,1,"0,0"
SMUD_AT_GRUNDMAN,PV,SUN,0.0,0.0,1,"0,0"
SNOQUALMIE,HT,WATER,0.0,0.0,1,"0,0"
SNOQUALMIE_2,HT,WATER,0.0,0.0,1,"0,0"
SODA,HT,WATER,0.0,0.0,1,"0,0"
SODA_SPRINGS,HT,WATER,0.0,0.0,1,"0,0"
SOLANA_GENERATING_STATION,ES,SUN,0.0,0.0,1,"0,0"
SOLANO_WIND,WT,WIND,0.0,0.0,1,"0,0"
SOLAR_BLYTHE_2,PV,SUN,0.0,0.0,1,"0,0"
SOLAR_GEN_2,PV,SUN,0.0,0.0,1,"0,0"
SOLAR_STAR_1,PV,SUN,0.0,0.0,1,"0,0"
SOLAR_STAR_2,PV,SUN,0.0,0.0,1,"0,0"
SOLVERDE_1,PV,SUN,0.0,0.0,1,"0,0"
SOL_ORCHARD_EL_CENTRO_PV,PV,SUN,0.0,0.0,1,"0,0"
SONOMA_CALIFORNIA_GEOTHERMAL,ST,GEO,0.0,0.0,1,"0,0"
SONORAN_WEST_SOLAR_EGS,,,0.0,0.0,1,"0,0"
SONORA_FACILITY,PV,SUN,0.0,0.0,1,"0,0"
SOUTHEAST_KERN_RIVER_COGEN,CT,NG,0.0,0.0,1,"0,0"
SOUTHEAST_RESOURCE_RECOVERY,CT,WASTE,0.0,0.0,1,"0,0"
SOUTH_BELRIDGE_COGENERATION_FACILITY,CT,NG,0.0,0.0,1,"0,0"
SOUTH_FORK_TOLT,HT,WATER,0.0,0.0,1,"0,0"
SOUTH_HURLBURT_WIND_LLC,WT,WIND,0.0,0.0,1,"0,0"
SOUTH_POINT_ENERGY_CENTER,CC,NG,0.0,0.0,1,"0,0"
SPANISH_FORK_WIND_PARK_2_LLC,WT,WIND,0.0,0.0,1,"0,0"
SPA_COGEN_3,CC,NG,0.0,0.0,1,"0,0"
SPINDLE_HILL_ENERGY_CENTER,CT,NG,0.0,0.0,1,"0,0"
SPION_KOP_WIND_FARM,WT,WIND,0.0,0.0,1,"0,0"
SPI_ANDERSON_2,ST,WOOD,0.0,0.0,1,"0,0"
SPRINGBOK_1,PV,SUN,0.0,0.0,1,"0,0"
SPRINGBOK_2,PV,SUN,0.0,0.0,1,"0,0"
SPRINGERVILLE,ST|PV,COAL|SUN,0.0,0.0,1,"0,0"
SPRINGS_GENERATING_STATION,CT,NG,0.0,0.0,1,"0,0"
SPRING_CANYON,WT,WIND,0.0,0.0,1,"0,0"
SPRING_CANYON_EXPANSION_WIND_ENERGY_CENTER,WT,WIND,0.0,0.0,1,"0,0"
SPRING_CREEK,HT,WATER,0.0,0.0,1,"0,0"
SPS1_DOLLARHIDE,PV,SUN,0.0,0.0,1,"0,0"
SPS2_JAL,PV,SUN,0.0,0.0,1,"0,0"
SPS3_LEA,PV,SUN,0.0,0.0,1,"0,0"
SPS4_MONUMENT,PV,SUN,0.0,0.0,1,"0,0"
SPS5_HOPI,PV,SUN,0.0,0.0,1,"0,0"
SR85,PV,SUN,0.0,0.0,1,"0,0"
SR_JENKINS_FT_LUPTON,,,0.0,0.0,1,"0,0"
SR_PLATTE_SOLAR_FARM,PV,SUN,0.0,0.0,1,"0,0"
STANISLAUS,HT,WATER,0.0,0.0,1,"0,0"
STAR_POINT_WIND_PROJECT_LLC,WT,WIND,0.0,0.0,1,"0,0"
STEWART_MOUNTAIN,HT,WATER,0.0,0.0,1,"0,0"
STILLWATER_WIND_LLC,WT,WIND,0.0,0.0,1,"0,0"
STOCKTON_BIOMASS,ST,WOOD,0.0,0.0,1,"0,0"
STOCKTON_COGEN,,,0.0,0.0,1,"0,0"
STONE_CREEK,HT,WATER,0.0,0.0,1,"0,0"
STROUD_SOLAR_STATION,PV,SUN,0.0,0.0,1,"0,0"
SULLIVAN,HT,WATER,0.0,0.0,1,"0,0"
SULPHUR_SPRINGS,PV,SUN,0.0,0.0,1,"0,0"
SUMAS_POWER_PLANT,CC,NG,0.0,0.0,1,"0,0"
SUMMER_FALLS_POWER_PLANT,HT,WATER,0.0,0.0,1,"0,0"
SUMMER_SOLAR,PV,SUN,0.0,0.0,1,"0,0"
SUNDANCE,CT,NG,0.0,0.0,1,"0,0"
SUNDEVIL_POWER_HOLDINGS_-_GILA_RIVER,CC,NG,0.0,0.0,1,"0,0"
SUNE_EPE1_LLC,PV,SUN,0.0,0.0,1,"0,0"
SUNE_EPE2_LLC,PV,SUN,0.0,0.0,1,"0,0"
SUNNYSIDE_COGEN_ASSOCIATES,ST,COAL,0.0,0.0,1,"0,0"
SUNRISE_POWER_LLC,CC,NG,0.0,0.0,1,"0,0"
SUNSHINE_GAS_PRODUCERS,CT,WASTE,0.0,0.0,1,"0,0"
SUN_CITY_PROJECT_LLC,PV,SUN,0.0,0.0,1,"0,0"
SUTTER_ENERGY_CENTER,CC,NG,0.0,0.0,1,"0,0"
SWAN_FALLS,HT,WATER,0.0,0.0,1,"0,0"
SWEETWATER_SOLAR,PV,SUN,0.0,0.0,1,"0,0"
SWIFT_1,HT,WATER,0.0,0.0,1,"0,0"
SYCAMORE_COGENERATION,CT,NG,0.0,0.0,1,"0,0"
TA-HIGH_DESERT_LLC,PV,SUN,0.0,0.0,1,"0,0"
TAFT_26C_COGEN,CT,NG,0.0,0.0,1,"0,0"
TEHACHAPI_WIND_RESOURCE_II,WT,WIND,0.0,0.0,1,"0,0"
TERMINUS_HYDROELECTRIC_PROJECT,HT,WATER,0.0,0.0,1,"0,0"
TESLA,HT,WATER,0.0,0.0,1,"0,0"
TESORO_SLC_COGENERATION_PLANT,CT,NG,0.0,0.0,1,"0,0"
TESORO_WILMINGTON_CALCINER,UNKNOWN,OTHER,0.0,0.0,1,"0,0"
THERMALITO,HT|HT,WATER|ELEC,0.0,0.0,1,"0,0"
THERMO_GREELEY,,,0.0,0.0,1,"0,0"
THERMO_NO_1,ST,GEO,0.0,0.0,1,"0,0"
THE_DALLES,HT,WATER,0.0,0.0,1,"0,0"
THOMPSON_FALLS,HT,WATER,0.0,0.0,1,"0,0"
THOUSAND_SPRINGS_WIND_PARK,WT,WIND,0.0,0.0,1,"0,0"
THREE_PEAKS_POWER,PV,SUN,0.0,0.0,1,"0,0"
THUMS,CT,NG,0.0,0.0,1,"0,0"
THUNDEREGG_SOLAR_CENTER_LLC,PV,SUN,0.0,0.0,1,"0,0"
TIETON_DAM_HYDRO_ELECTRIC_PROJECT,HT,WATER,0.0,0.0,1,"0,0"
TIGER_CREEK,HT,WATER,0.0,0.0,1,"0,0"
TITAN_SOLAR,PV,SUN,0.0,0.0,1,"0,0"
TOKETEE_FALLS,HT,WATER,0.0,0.0,1,"0,0"
TOPAZ,PV,SUN,0.0,0.0,1,"0,0"
TOPAZ_SOLAR_FARM,PV,SUN,0.0,0.0,1,"0,0"
TOP_OF_THE_WORLD_WINDPOWER_PROJECT,WT,WIND,0.0,0.0,1,"0,0"
TOTAL_ENERGY_FACILITIES,ST,BIO,0.0,0.0,1,"0,0"
TOWAOC,HT,WATER,0.0,0.0,1,"0,0"
TPC_WINDFARMS_LLC,WT,WIND,0.0,0.0,1,"0,0"
TRACY_COMBINED_CYCLE_POWER_PLANT,CC,NG,0.0,0.0,1,"0,0"
TRANSALTA_CENTRALIA_GENERATION,ST|CC,COAL|NG,0.0,0.0,1,"0,0"
TRINITY,HT,WATER,0.0,0.0,1,"0,0"
TROPICO,PV,SUN,0.0,0.0,1,"0,0"
TUANA_GULCH_WIND_PARK,WT,WIND,0.0,0.0,1,"0,0"
TUANA_SPRINGS,WT,WIND,0.0,0.0,1,"0,0"
TUCANNON_RIVER_WIND_FARM,WT,WIND,0.0,0.0,1,"0,0"
TULLOCH,HT,WATER,0.0,0.0,1,"0,0"
TUOLUMNE_WIND_PROJECT,WT,WIND,0.0,0.0,1,"0,0"
TURNBULL_HYDRO,HT,WATER,0.0,0.0,1,"0,0"
TWIN_BUTTES_II_WIND,,,0.0,0.0,1,"0,0"
TWIN_BUTTES_WIND_PROJECT,WT,WIND,0.0,0.0,1,"0,0"
TWIN_FALLS,HT,WATER,0.0,0.0,1,"0,0"
TWIN_FALLS_HYDRO,HT,WATER,0.0,0.0,1,"0,0"
TWO_PONDS_WINDFARM,WT,WIND,0.0,0.0,1,"0,0"
UCI_FACILITIES_MANAGEMENT_CENTRAL_PLANT,CC,NG,0.0,0.0,1,"0,0"
UCLA_SO_CAMPUS_COGEN_PROJECT,CC,NG,0.0,0.0,1,"0,0"
UC_DAVIS_SOUTH_CAMPUS,PV,SUN,0.0,0.0,1,"0,0"
UNION_VALLEY,HT,WATER,0.0,0.0,1,"0,0"
UNIVERSITY_OF_CALIFORNIA_SAN_DIEGO,ES|CC,ELEC|NG,0.0,0.0,1,"0,0"
UNIVERSITY_OF_COLORADO,CC,NG,0.0,0.0,1,"0,0"
UNIVERSITY_OF_WASHINGTON_POWER_PLANT,ST|ST,NG|OIL,0.0,0.0,1,"0,0"
UNIV_OF_OREGON_CENTRAL_POWER_STATION,CC,NG,0.0,0.0,1,"0,0"
UPPER_BAKER,HT,WATER,0.0,0.0,1,"0,0"
UPPER_FALLS,HT,WATER,0.0,0.0,1,"0,0"
UPPER_GORGE,HT,WATER,0.0,0.0,1,"0,0"
UPPER_SALMON_A,HT,WATER,0.0,0.0,1,"0,0"
UPPER_SALMON_B,HT,WATER,0.0,0.0,1,"0,0"
UPRIVER_DAM_HYDRO_PLANT,HT,WATER,0.0,0.0,1,"0,0"
USPS_PV,PV,SUN,0.0,0.0,1,"0,0"
US_BORAX,CT,NG,0.0,0.0,1,"0,0"
US_MAGNESIUM,CT,NG,0.0,0.0,1,"0,0"
UTAH_RED_HILLS_RENEWABLE_ENERGY_PARK,PV,SUN,0.0,0.0,1,"0,0"
VALENCIA_ENERGY_FACILITY,CC|CT,NG|NG,0.0,0.0,1,"0,0"
VALENCIA_SOLAR,PV,SUN,0.0,0.0,1,"0,0"
VALERO_REFINERY_COGENERATION_UNIT_1,CT,NG,0.0,0.0,1,"0,0"
VALE_AIR_SOLAR_CENTER_LLC,PV,SUN,0.0,0.0,1,"0,0"
VALLEY_CA,CC|CT|ST,NG|NG|NG,0.0,0.0,1,"0,0"
VALMONT,ST|CT,COAL|NG,0.0,0.0,1,"0,0"
VALMONT_COMBUSTION_TURBINE_PROJECT,CT,NG,0.0,0.0,1,"0,0"
VANDENBERG_SOLAR_PROJECT,PV,SUN,0.0,0.0,1,"0,0"
VANSYCLE,WT,WIND,0.0,0.0,1,"0,0"
VANSYCLE_II_WIND_ENERGY_CENTER,WT,WIND,0.0,0.0,1,"0,0"
VANTAGE_WIND_ENERGY_LLC,WT,WIND,0.0,0.0,1,"0,0"
VASCO_WINDS,WT,WIND,0.0,0.0,1,"0,0"
VEGA_SOLAR,PV,SUN,0.0,0.0,1,"0,0"
VICTORY_GARDEN_TEHACHAPI,WT,WIND,0.0,0.0,1,"0,0"
VICTORY_SOLAR_LLC,PV,SUN,0.0,0.0,1,"0,0"
VICTOR_PHELAN_1,PV,SUN,0.0,0.0,1,"0,0"
VULCAN-BN_GEOTHERMAL_POWER_COMPANY,ST,GEO,0.0,0.0,1,"0,0"
WADDELL,HT,ELEC,0.0,0.0,1,"0,0"
WADHAM_ENERGY_LP,ST,BIO,0.0,0.0,1,"0,0"
WALNUT,CT,NG,0.0,0.0,1,"0,0"
WALNUT_CREEK_ENERGY_PARK,CT,NG,0.0,0.0,1,"0,0"
WALNUT_ENERGY_CENTER,CC,NG,0.0,0.0,1,"0,0"
WANAPUM,HT,WATER,0.0,0.0,1,"0,0"
WARM_SPRINGS_POWER_ENTERPRISES,HT,WATER,0.0,0.0,1,"0,0"
WASTE_MANAGEMENT_COLUMBIA_RIDGE_LFGTE,CT,WASTE,0.0,0.0,1,"0,0"
WATSON_COGENERATION,CC,NG,0.0,0.0,1,"0,0"
WELLHEAD_POWER_DELANO_LLC,CT,NG,0.0,0.0,1,"0,0"
WELLS,HT,WATER,0.0,0.0,1,"0,0"
WESTERN_ANTELOPE_BLUE_SKY_RANCH_A,PV,SUN,0.0,0.0,1,"0,0"
WESTERN_ANTELOPE_DRY_RANCH,PV,SUN,0.0,0.0,1,"0,0"
WESTERN_ANTELOPE_DRY_RANCH_2,PV,SUN,0.0,0.0,1,"0,0"
WESTERN_GEOPOWER_UNIT_1,,,0.0,0.0,1,"0,0"
WESTERN_POWER_STEAM_INC,CC|CT,NG|NG,0.0,0.0,1,"0,0"
WESTLANDS_SOLAR_PV_FARM,PV,SUN,0.0,0.0,1,"0,0"
WESTSIDE_SOLAR_STATION,PV,SUN,0.0,0.0,1,"0,0"
WEST_GATES_SOLAR_STATION,PV,SUN,0.0,0.0,1,"0,0"
WEST_PHOENIX,CC|CT|ST,NG|NG|NG,0.0,0.0,1,"0,0"
WEST_POINT_PH,HT,WATER,0.0,0.0,1,"0,0"
WEST_VALLEY_GENERATION_PROJECT,CT,NG,0.0,0.0,1,"0,0"
WEYERHAEUSER_LONGVIEW_WA,ST,WOOD,0.0,0.0,1,"0,0"
WHEAT_FIELD_WIND_POWER_PROJECT,WT,WIND,0.0,0.0,1,"0,0"
WHEELABRATOR_NORWALK_ENERGY,CC,NG,0.0,0.0,1,"0,0"
WHEELABRATOR_SHASTA,ST,WOOD,0.0,0.0,1,"0,0"
WHEELABRATOR_SPOKANE,CT,WASTE,0.0,0.0,1,"0,0"
WHITEHEAD,IC,NG,0.0,0.0,1,"0,0"
WHITEHORN,CT,NG,0.0,0.0,1,"0,0"
WHITEWATER_HILL_WIND_PARTNERS,WT,WIND,0.0,0.0,1,"0,0"
WHITE_CREEK_WIND_FARM,WT,WIND,0.0,0.0,1,"0,0"
WHITE_RIVER_SOLAR,PV,SUN,0.0,0.0,1,"0,0"
WHITE_RIVER_SOLAR_2,PV,SUN,0.0,0.0,1,"0,0"
WHITE_ROCK_SLAB_CREEK,HT,WATER,0.0,0.0,1,"0,0"
WHITNEY_POINT_SOLAR,PV,SUN,0.0,0.0,1,"0,0"
WILDCAT_WIND,WT,WIND,0.0,0.0,1,"0,0"
WILDWOOD_SOLAR_I_LLC,PV,SUN,0.0,0.0,1,"0,0"
WILD_HORSE,WT|PV,WIND|SUN,0.0,0.0,1,"0,0"
WILLOW_CREEK_ENERGY_CENTER,WT,WIND,0.0,0.0,1,"0,0"
WILLOW_SPRING_WINDFARM,,,0.0,0.0,1,"0,0"
WILMINGTON_HYDROGEN_PLANT,UNKNOWN,OTHER,0.0,0.0,1,"0,0"
WINDPARK_UNLIMITED_2,WT,WIND,0.0,0.0,1,"0,0"
WINDSTAR_1,WT,WIND,0.0,0.0,1,"0,0"
WINDY_FLATS_WIND_PROJECT,WT,WIND,0.0,0.0,1,"0,0"
WISE,HT,WATER,0.0,0.0,1,"0,0"
WOLFSKILL_ENERGY_CENTER,CT,NG,0.0,0.0,1,"0,0"
WOLVERINE_CREEK,WT,WIND,0.0,0.0,1,"0,0"
WOODLAND,CC|CT|IC,NG|NG|NG,0.0,0.0,1,"0,0"
WOODLAND_BIOMASS_POWER_LTD,ST,WOOD,0.0,0.0,1,"0,0"
WOODLEAF,HT,WATER,0.0,0.0,1,"0,0"
WOODMERE_SOLAR_FARM,PV,SUN,0.0,0.0,1,"0,0"
WOODMERE_SOLAR_FARM_2,PV,SUN,0.0,0.0,1,"0,0"
WYEAST_SOLAR,PV,SUN,0.0,0.0,1,"0,0"
WYGEN_1,ST,COAL,0.0,0.0,1,"0,0"
WYGEN_2,ST,COAL,0.0,0.0,1,"0,0"
WYGEN_III,ST,COAL,0.0,0.0,1,"0,0"
WYNOOCHEE,HT,WATER,0.0,0.0,1,"0,0"
WYODAK,ST,COAL,0.0,0.0,1,"0,0"
WYOMING_WIND_ENERGY_CENTER,WT,WIND,0.0,0.0,1,"0,0"
W_ANTELOPE_SOLAR,PV,SUN,0.0,0.0,1,"0,0"
W_ANTELOPE_SOLAR_PARK,PV,SUN,0.0,0.0,1,"0,0"
W_E_WARNE,HT,WATER,0.0,0.0,1,"0,0"
W_R_GIANELLI,HT,ELEC,0.0,0.0,1,"0,0"
YAHOO_CREEK,WT,WIND,0.0,0.0,1,"0,0"
YALE,HT,WATER,0.0,0.0,1,"0,0"
YELLOWSTONE_ENERGY_LP,ST,COKE,0.0,0.0,1,"0,0"
YELLOWTAIL,HT,WATER,0.0,0.0,1,"0,0"
YELM,HT,WATER,0.0,0.0,1,"0,0"
YUBA_CITY_COGEN_PARTNERS,CT,NG,0.0,0.0,1,"0,0"
YUBA_CITY_ENERGY_CENTER,CT,NG,0.0,0.0,1,"0,0"
YUCCA,CT|ST|ST,NG|OIL|NG,0.0,0.0,1,"0,0"
YUMA_COGENERATION_ASSOCIATES,CC,NG,0.0,0.0,1,"0,0"
_4001_AND_2510_CLEARVISTA_SOLAR_AND_WIND,,,0.0,0.0,1,"0,0"
